2ChargesOnCardConsumed.json,CollectableRelicData
AAAH_Angel.json,StoryCharaceterData
AcceleratedIncubation.json,CardData
AcidRainRelic.json,CollectableRelicData
AcidRainRelicReward.json,RelicRewardData
AdaptiveMutation.json,CardData
AdaptiveMutationOnlyPool.json,CardPool
AddAttackOnKill.json,CollectableRelicData
AddAttackOnKill_Divine.json,CollectableRelicData
AddAttackOnKillTriggerUpgrade.json,CardUpgradeData
AddAttackOnKillTriggerUpgrade_Divine.json,CardUpgradeData
AddAttackOnKillUpgrade.json,CardUpgradeData
AddAttackPerBlight.json,CollectableRelicData
AddAttackPerBlightUpgrade.json,CardUpgradeData
AddBurnout.json,CardUpgradeData
AddBurnoutToTombs.json,CardUpgradeData
AddDamageShield.json,CardUpgradeData
AddDamageShieldToMorsels.json,CardUpgradeData
AddEndless #69206.json,CardUpgradeData
AddEndless.json,CardUpgradeData
AddEndlessToNonMorsels.json,CardUpgradeData
AddHealImmunity.json,CardUpgradeData
AddImpToHand.json,CollectableRelicData
AddIncantArmor.json,CardUpgradeData
AdditionalGoldReward.json,RewardData
AdditionalHealthReward.json,RewardData
AdditionalStartingCards #70060.json,MutatorData
AdditionalStartingCards.json,CardSetBuilder
AddMultistrike.json,CardUpgradeData
AddMultistrikeToDemons.json,CardUpgradeData
AddPurge.json,CardUpgradeData
AddQuick.json,CardUpgradeData
AddRage.json,CardUpgradeData
AddRegen.json,CardUpgradeData
AddSnackOnKill.json,CollectableRelicData
AddSnackToHand.json,CollectableRelicData
AddSpikes.json,CardUpgradeData
AddStingToHand.json,CollectableRelicData
AddThornsPotion.json,CardData
AddTrample.json,CardUpgradeData
AddWurmScaleDamage.json,CardUpgradeData
AfterBattleBlessing.json,MutatorData
AfterBattleMandatoryPurge.json,MutatorData
AggressiveImp.json,CardData
AlabasterGuardian.json,CharacterData
AlabasterGuardian_UpgradeA.json,CardUpgradeData
AlloyedConstruct #69754.json,CharacterData
AlloyedConstruct.json,CardData
AlloyedConstructSynthesis.json,CardUpgradeData
AllRoomsMoreCapacity.json,CollectableRelicData
AllSpellsPiercingRelic.json,CollectableRelicData
AllSpellsPiercingRelicReward.json,RelicRewardData
AllSpellsRandomTargets.json,MutatorData
AllUnitsAllSubtypes.json,MutatorData
AllUnitsEndlessRelic.json,CollectableRelicData
AllUnitsEndlessRelicReward.json,RelicRewardData
AllUnitsMultistrike.json,MutatorData
AlmostProphet.json,StoryCharaceterData
AlphaFiend #69755.json,CharacterData
AlphaFiend.json,CardData
AlphaFiendSynthesis.json,CardUpgradeData
AlphaFiendSynthesisTrigger.json,CardUpgradeData
AlphaFiendTrigger.json,CardUpgradeData
AmbientCharge.json,CardData
Ambush.json,StoryEventData
AncientResonance.json,CardData
AncientSynergy.json,CardData
AnimusOfSpeed.json,CardData
AnimusOfWill.json,CardData
AnnhilateRoomDamageScaling.json,CardData
AnnhilateShieldHeal.json,CardData
AnnhilateSingleKill.json,CardData
AnnihilateCards.json,CardUpgradeMaskData
AnnihilateDamageRoomReward.json,CardRewardData
AnnihilateKillReward.json,CardRewardData
AnnihilateRoomDamage1.json,CardData
AnnihilateRoomDamage2.json,CardData
AnnihilateRoomDamage3.json,CardData
AnnihilateShieldReward.json,CardRewardData
AnnihilateToConsumeBlessingReward.json,RelicRewardData
AnnoyingChallenge.json,ChallengeData
AntumbraAssault.json,CardData
ApexImp.json,CardData
Armor.json,CardUpgradeData
ArmorPiercingDamageReward.json,RelicRewardData
ArtifactMerchant.json,MerchantData
Ascension01StrongerEnemies.json,CovenantData
Ascension02Deadweight.json,CovenantData
Ascension03MajorBattlesNewEnemies.json,CovenantData
Ascension04MinorBossesAttack.json,CovenantData
Ascension05MinorBattlesNewEnemies.json,CovenantData
Ascension06PrimaryClanStarterCard.json,CovenantData
Ascension07BasicEnemyAttack.json,CovenantData
Ascension08AlliedClanStarterCard.json,CovenantData
Ascension09PyreDamage.json,CovenantData
Ascension10TopFloorEmberdrain.json,CovenantData
Ascension11MerchanReRollCostUp.json,CovenantData
Ascension12MajorBossesHealth.json,CovenantData
Ascension13PrimaryClanStarterCard.json,CovenantData
Ascension14MinorBossesHealth.json,CovenantData
Ascension15AlliedClanStarterCard.json,CovenantData
Ascension16MerchantPurgeCostUp.json,CovenantData
Ascension17Deadweight.json,CovenantData
Ascension18MerchantGoodsCostUp.json,CovenantData
Ascension19BasicEnemiesAttack.json,CovenantData
Ascension20MinusCapacityMiddleFloor.json,CovenantData
Ascension21MajorBossesHealth.json,CovenantData
Ascension22MinorBossesHealth.json,CovenantData
Ascension23HeavyEnemyUnitsHealth.json,CovenantData
Ascension24PyreDamage.json,CovenantData
Ascension25SeraphHealth.json,CovenantData
AttackDecreaseEnemies.json,CollectableRelicData
AttackDecreaseEnemies_Divine.json,CollectableRelicData
AttackerT1.json,CharacterData
AttackerT1_Shard.json,CharacterData
AttackerT2.json,CharacterData
AttackerT2_Rebel.json,CharacterData
AttackerT2_Shard.json,CharacterData
AttackerT2Stealth.json,CharacterData
AttackerT2Stealth_Rebel.json,CharacterData
AttackerT2Stealth_Shard.json,CharacterData
AttackerT3.json,CharacterData
AttackerT3_Shard.json,CharacterData
AttackerT3Reaper.json,CharacterData
AttackerT3Reaper_Shard.json,CharacterData
AttackOnKillTrigger1.json,CardUpgradeData
AttackOnKillTrigger2.json,CardUpgradeData
AttackOnKillTrigger3.json,CardUpgradeData
Awake.json,CardData
AwokenAnimusChatterData.json,CharacterChatterData
AwokenChampionChatterData.json,CharacterChatterData
AwokenChampionChatterData_Exile.json,CharacterChatterData
AwokenChampionRoot.json,CardData
AwokenChampionSentient.json,CardData
AwokenChannelerChatterData.json,CharacterChatterData
AwokenCycleOfLife.json,CardUpgradeData
AwokenHollow.json,CardData
AwokenHollowChatterData.json,CharacterChatterData
AwokenHollowSynthesisTrigger.json,CardUpgradeData
AwokenHollowTrigger.json,CardUpgradeData
AwokenRegen.json,CollectableRelicData
AwokenSentient.json,ChampionData
AwokensRailSpike.json,CardData
AwokenStarterBuff.json,CardUpgradeData
AwokenSteelEnhancer.json,CardUpgradeData
AwokenSteelsingerChatterData.json,CharacterChatterData
AwokenTradeHealthForAttackBuff.json,CardUpgradeData
AwokenWyldentenRoot.json,ChampionData
BackTargetingBlessingReward.json,RelicRewardData
BarrelExplosive.json,CharacterData
BarrelExplosive_UpgradeA.json,CardUpgradeData
BarrelExplosiveDEPRECATED.json,CharacterData
Basher.json,CardData
BasicDemon.json,CharacterData
BasicDemonSynthesis.json,CardUpgradeData
BasicEnemy.json,StoryCharaceterData
BatteringRam.json,CardData
BetterNinjaChallenge.json,ChallengeData
BetterStewards.json,CardUpgradeData
BetterStewards_Divine.json,CardUpgradeData
BetterStewardsMiddleFloorChallenge.json,ChallengeData
BigDamageFromManyMorsels.json,CollectableRelicData
BigMonsters.json,MutatorData
BigPyreHealth.json,MutatorData
BlankSynthesis.json,CardUpgradeData
BlessingBonusBothRegular.json,CardUpgradeData
BlessingBonusDamage.json,CardUpgradeData
BlessingBonusHealth.json,CardUpgradeData
BlessingDraftBoss.json,RelicDraftRewardData
BlessingDraftBossLevel6.json,RelicDraftRewardData
BlessingDraftReward.json,RelicDraftRewardData
BlessingDraftRewardBig.json,RelicDraftRewardData
BlessingDraftRewardNoChoice.json,RelicDraftRewardData
BlightBlessingAttackBuffReward.json,RelicRewardData
BlightBlessingCardDrawReward.json,RelicRewardData
BlightBlessingDamageReward.json,RelicRewardData
BlightDanteCandle.json,CardData
BlightDanteCandleReward.json,CardRewardData
BlightDeadweightReward.json,CardRewardData
BlightedHandChallenge.json,ChallengeData
BlightedTotem.json,CardData
BlightEmberReward.json,CardRewardData
BlightPyreDamageInHand.json,CardData
BlightPyreDamageReward.json,CardRewardData
BloodMerchant.json,StoryEventData
BloodMerchant_HealthBuffHeartless.json,RelicRewardData
BloodMerchant_PyreHealOnKill.json,RelicRewardData
BogChrysalis.json,CardData
BogdeepCocoon.json,CardData
BogFly.json,CardData
BogWurmling.json,CardData
BoneDog #69439.json,CardData
BoneDog.json,StoryEventData
BoneDogReward.json,CardRewardData
BonusBoth.json,CardUpgradeData
BonusBothBig.json,CardUpgradeData
BonusDamage.json,CardUpgradeData
BonusDamageBig.json,CardUpgradeData
BonusHealth.json,CardUpgradeData
BonusHealthBig.json,CardUpgradeData
Boss_GainCapacity_Upgrade.json,CardUpgradeData
Boss_GainShardStatus_Upgrade.json,CardUpgradeData
Boss_Level1.json,CharacterData
Boss_Level1_UpgradeA.json,CardUpgradeData
Boss_Level1_UpgradeB.json,CardUpgradeData
Boss_Level1_UpgradeC.json,CardUpgradeData
Boss_Level1_UpgradeD.json,CardUpgradeData
Boss_Level1ForTLD.json,CharacterData
Boss_Level1ForTLD_Shard.json,CharacterData
Boss_Level1Junker.json,CharacterData
Boss_Level1Junker_UpgradeA.json,CardUpgradeData
Boss_Level1Junker_UpgradeB.json,CardUpgradeData
Boss_Level1Junker_UpgradeC.json,CardUpgradeData
Boss_Level1Junker_UpgradeD.json,CardUpgradeData
Boss_Level1Junker_UpgradeE.json,CardUpgradeData
Boss_Level1JunkerForTLD.json,CharacterData
Boss_Level1JunkerForTLD_Shard.json,CharacterData
Boss_Level2.json,CharacterData
Boss_Level2_UpgradeA.json,CardUpgradeData
Boss_Level2_UpgradeB.json,CardUpgradeData
Boss_Level2_UpgradeC.json,CardUpgradeData
Boss_Level2_UpgradeD.json,CardUpgradeData
Boss_Level2AEMage.json,CharacterData
Boss_Level2AEMage_UpgradeA.json,CardUpgradeData
Boss_Level2AEMage_UpgradeB.json,CardUpgradeData
Boss_Level2AEMage_UpgradeC.json,CardUpgradeData
Boss_Level2AEMage_UpgradeD.json,CardUpgradeData
Boss_Level2AEMageForTLD.json,CharacterData
Boss_Level2AEMageForTLD_Shard.json,CharacterData
Boss_Level2ForTLD.json,CharacterData
Boss_Level2ForTLD_Shard.json,CharacterData
Boss_Level2ShieldGuy.json,CharacterData
Boss_Level2ShieldGuy_UpgradeA.json,CardUpgradeData
Boss_Level2ShieldGuy_UpgradeB.json,CardUpgradeData
Boss_Level2ShieldGuy_UpgradeC.json,CardUpgradeData
Boss_Level2ShieldGuy_UpgradeD.json,CardUpgradeData
Boss_Level2ShieldGuyForTLD.json,CharacterData
Boss_Level2ShieldGuyForTLD_Shard.json,CharacterData
Boss_Level3Armor.json,CharacterData
Boss_Level3Armor_Harder.json,CharacterData
Boss_Level3Armor_UpgradeA.json,CardUpgradeData
Boss_Level3Armor_UpgradeB.json,CardUpgradeData
Boss_Level3Armor_UpgradeC.json,CardUpgradeData
Boss_Level3Explosive.json,CharacterData
Boss_Level3Explosive_Harder.json,CharacterData
Boss_Level3Explosive_UpgradeA.json,CardUpgradeData
Boss_Level3Explosive_UpgradeB.json,CardUpgradeData
Boss_Level3Explosive_UpgradeC.json,CardUpgradeData
Boss_Level3StrongerBarrels.json,CharacterData
Boss_Level3StrongerBarrels_Harder.json,CharacterData
Boss_Level3StrongerBarrels_UpgradeA.json,CardUpgradeData
Boss_Level3StrongerBarrels_UpgradeB.json,CardUpgradeData
Boss_Level3StrongerBarrels_UpgradeC.json,CardUpgradeData
Boss_Level3TalosArmorOnKill.json,CharacterData
Boss_Level3TalosArmorOnKill_Harder.json,CharacterData
Boss_Level3TalosArmorOnKill_UpgradeA.json,CardUpgradeData
Boss_Level3TalosArmorOnKill_UpgradeB.json,CardUpgradeData
Boss_Level3TalosArmorOnKill_UpgradeC.json,CardUpgradeData
Boss_Level3TalosDaze.json,CharacterData
Boss_Level3TalosDaze_Harder.json,CharacterData
Boss_Level3TalosDaze_UpgradeA.json,CardUpgradeData
Boss_Level3TalosDaze_UpgradeB.json,CardUpgradeData
Boss_Level3TalosDaze_UpgradeC.json,CardUpgradeData
Boss_Level3TalosPush.json,CharacterData
Boss_Level3TalosPush_Harder.json,CharacterData
Boss_Level3TalosPush_UpgradeA.json,CardUpgradeData
Boss_Level3TalosPush_UpgradeB.json,CardUpgradeData
Boss_Level3TalosPush_UpgradeC.json,CardUpgradeData
Boss_Level4.json,CharacterData
Boss_Level4_UpgradeA.json,CardUpgradeData
Boss_Level4_UpgradeB.json,CardUpgradeData
Boss_Level4_UpgradeC.json,CardUpgradeData
Boss_Level4Growth.json,CharacterData
Boss_Level4Growth_UpgradeA.json,CardUpgradeData
Boss_Level4Growth_UpgradeB.json,CardUpgradeData
Boss_Level4Growth_UpgradeC.json,CardUpgradeData
Boss_Level4JunkerBoss.json,CharacterData
Boss_Level4JunkerBoss_UpgradeA.json,CardUpgradeData
Boss_Level4JunkerBoss_UpgradeB.json,CardUpgradeData
Boss_Level4JunkerBoss_UpgradeC.json,CardUpgradeData
Boss_Level5.json,CharacterData
Boss_Level5_UpgradeA.json,CardUpgradeData
Boss_Level5_UpgradeB.json,CardUpgradeData
Boss_Level5_UpgradeC.json,CardUpgradeData
Boss_Level5Caster.json,CharacterData
Boss_Level5Caster_UpgradeA.json,CardUpgradeData
Boss_Level5Caster_UpgradeB.json,CardUpgradeData
Boss_Level5Caster_UpgradeC.json,CardUpgradeData
Boss_Level5UltimateStealth.json,CharacterData
Boss_Level5UltimateStealth_UpgradeA.json,CardUpgradeData
Boss_Level5UltimateStealth_UpgradeB.json,CardUpgradeData
Boss_Level5UltimateStealth_UpgradeC.json,CardUpgradeData
Boss_Level6Archus_Upgrade20.json,CardUpgradeData
Boss_Level6Archus_UpgradeA.json,CardUpgradeData
Boss_Level6Archus_UpgradeB.json,CardUpgradeData
Boss_Level6Archus_UpgradeC.json,CardUpgradeData
Boss_Level6Archus_UpgradeH.json,CardUpgradeData
Boss_Level6ArchusTrapATrapB.json,CharacterData
Boss_Level6ArchusTrapATrapB_Harder.json,CharacterData
Boss_Level6ArchusTrapATrapC.json,CharacterData
Boss_Level6ArchusTrapATrapC_Harder.json,CharacterData
Boss_Level6ArchusTrapBTrapC.json,CharacterData
Boss_Level6ArchusTrapBTrapC_Harder.json,CharacterData
Boss_Level6Armor.json,CharacterData
Boss_Level6Armor_Harder.json,CharacterData
Boss_Level6FelArmor_UpgradeA.json,CardUpgradeData
Boss_Level6FelArmor_UpgradeB.json,CardUpgradeData
Boss_Level6FelArmor_UpgradeC.json,CardUpgradeData
Boss_Level6FelJunk_UpgradeA.json,CardUpgradeData
Boss_Level6FelJunk_UpgradeB.json,CardUpgradeData
Boss_Level6FelJunk_UpgradeC.json,CardUpgradeData
Boss_Level6FelRage_UpgradeA.json,CardUpgradeData
Boss_Level6FelRage_UpgradeB.json,CardUpgradeData
Boss_Level6FelRage_UpgradeC.json,CardUpgradeData
Boss_Level6Junk.json,CharacterData
Boss_Level6Junk_Harder.json,CharacterData
Boss_Level6Rage.json,CharacterData
Boss_Level6Rage_Harder.json,CharacterData
Boss_Level7.json,CharacterData
Boss_Level7_UpgradeA.json,CardUpgradeData
Boss_Level7_UpgradeB.json,CardUpgradeData
Boss_Level7_UpgradeC.json,CardUpgradeData
Boss_Level7Shield.json,CharacterData
Boss_Level7Shield_UpgradeA.json,CardUpgradeData
Boss_Level7Shield_UpgradeB.json,CardUpgradeData
Boss_Level7Shield_UpgradeC.json,CardUpgradeData
Boss_Level8Attacker.json,CharacterData
Boss_Level8Attacker_Harder.json,CharacterData
Boss_Level8Attacker_UpgradeA.json,CardUpgradeData
Boss_Level8Attacker_UpgradeB.json,CardUpgradeData
Boss_Level8Attacker_UpgradeC.json,CardUpgradeData
Boss_Level8DebuffUnits.json,CharacterData
Boss_Level8DebuffUnits_Harder.json,CharacterData
Boss_Level8DebuffUnits_UpgradeA.json,CardUpgradeData
Boss_Level8DebuffUnits_UpgradeB.json,CardUpgradeData
Boss_Level8DebuffUnits_UpgradeC.json,CardUpgradeData
Boss_Level8DebuffUnits_UpgradeD.json,CardUpgradeData
Boss_Level8Purify.json,CharacterData
Boss_Level8Purify_Harder.json,CharacterData
Boss_Level8Purify_UpgradeA.json,CardUpgradeData
Boss_Level8Purify_UpgradeB.json,CardUpgradeData
Boss_Level8Purify_UpgradeC.json,CardUpgradeData
Boss_Level8Purify_UpgradeD.json,CardUpgradeData
Boss_Level8SpellConsume.json,CharacterData
Boss_Level8SpellConsume_Harder.json,CharacterData
Boss_Level8SpellConsume_UpgradeA.json,CardUpgradeData
Boss_Level8SpellConsume_UpgradeB.json,CardUpgradeData
Boss_Level8SpellConsume_UpgradeC.json,CardUpgradeData
Boss_Level9_Covenant25_Upgrade.json,CardUpgradeData
Boss_Level9_Display.json,CharacterData
Boss_Level9_Feet.json,CharacterData
Boss_Level9_GainAttack_Upgrade.json,CardUpgradeData
Boss_Level9_GainHealth_Upgrade.json,CardUpgradeData
Boss_Level9_GainPyreLock_Upgrade.json,CardUpgradeData
Boss_Level9_Head.json,CharacterData
Boss_Level9_Torso.json,CharacterData
BossCapacity.json,CollectableRelicData
BossCapacity2.json,CollectableRelicData
BossEmber.json,CollectableRelicData
BossEmber2.json,CollectableRelicData
BossIncreaseTurnDraw.json,CollectableRelicData
BossIncreaseTurnDraw2.json,CollectableRelicData
BossPool.json,RelicPool
BossPoolLevel6.json,RelicPool
BothSidesUnitsAreStronger.json,MutatorData
BoundingEchoes.json,CardData
BountyStalker #69757.json,CharacterData
BountyStalker.json,CardData
BountyStalkerSynthesis.json,CardUpgradeData
BrambleLash.json,CardData
BrandedWarrior.json,CardData
BrandingRite.json,CardData
BrokenMemories.json,CardData
BuildACard.json,CardData
BuildCard.json,StoryEventData
BuildCard_AddArmor.json,CardUpgradeData
BuildCard_AddCapacity.json,CardUpgradeData
BuildCard_AddFrostbite.json,CardUpgradeData
BuildCard_AddRage.json,CardUpgradeData
BuildCard_AddRegen.json,CardUpgradeData
BuildCard_AddSap.json,CardUpgradeData
BuildCard_AddSpikes.json,CardUpgradeData
BuildCard_Ascend.json,CardUpgradeData
BuildCard_Buff.json,CardUpgradeData
BuildCard_CardDraw.json,CardUpgradeData
BuildCard_Damage.json,CardUpgradeData
BuildCard_Descend.json,CardUpgradeData
BuildCard_GainGold.json,CardUpgradeData
BuildCard_Heal.json,CardUpgradeData
BuildCard_PullForward.json,CardUpgradeData
BuildCard_PushBack.json,CardUpgradeData
BuildCardReward.json,CardRewardData
CalcifiedEmberOnlyPool.json,CardPool
Cannibalize.json,CardData
CantTargetWhatYouWantChallenge.json,ChallengeData
CapacityBreaking.json,StoryEventData
CapacityDecreaseRelicReward.json,RelicRewardData
CapacityIncreaseRelicReward.json,RelicRewardData
CardAnnihilateDuplicatorReward.json,RelicRewardData
CardDraftLevelUpUnitAwoken.json,DraftRewardData
CardDraftLevelUpUnitHellhorned.json,DraftRewardData
CardDraftLevelUpUnitMainOrAllied.json,DraftRewardData
CardDraftLevelUpUnitRemnant.json,DraftRewardData
CardDraftLevelUpUnitStygian.json,DraftRewardData
CardDraftLevelUpUnitUmbra.json,DraftRewardData
CardDraftLevelUpUnitWurm.json,DraftRewardData
CardDraftMainClassReward.json,DraftRewardData
CardDraftMainClassSingleCardReward.json,DraftRewardData
CardDraftMainClassUncommonReward.json,DraftRewardData
CardDraftRareReward.json,DraftRewardData
CardDraftSubClassReward.json,DraftRewardData
CardDraftSubClassSingleCardReward.json,DraftRewardData
CardDraftSubClassUncommonReward.json,DraftRewardData
CardDraftUncommonReward.json,DraftRewardData
CardDrawOnBlightDraw.json,CollectableRelicData
CardDrawOnCardPlay.json,CollectableRelicData
CardDrawOnCardPlay_Divine.json,CollectableRelicData
CardDrawOnHeal.json,CollectableRelicData
CardDrawPotion.json,CardData
CardDuplicator.json,EnhancerData
CardDuplicator0CostAnnihilate.json,EnhancerData
CardDuplicatorReward.json,RelicRewardData
CardsExcludedFromJuice.json,CardPool
CardSwapper.json,StoryEventData
CaveBackgroundData.json,BackgroundData
CaveIn.json,CardData
ChampionPenumbra.json,CardData
ChampionPool.json,CardPool
ChampionPrimordium.json,CardData
ChampionReplacement.json,MutatorData
ChampionSapAndHeartless.json,MutatorData
ChampionStatBoosts.json,MutatorData
ChampionUpgradeReward.json,RewardData
ChampionUpgradeRewardFtue.json,RewardData
ChanceForSpellWeakness.json,CollectableRelicData
ChanceToCleanse.json,CollectableRelicData
ChanceToCleanse_Divine.json,CollectableRelicData
ChanceToDamage.json,CollectableRelicData
ChanceToDamage_Divine.json,CollectableRelicData
ChanceToDaze.json,CollectableRelicData
ChanceToDaze_Divine.json,CollectableRelicData
ChanceToNotConsume.json,CollectableRelicData
ChanceToSilence.json,CollectableRelicData
ChanceToVineGrasp.json,CollectableRelicData
Channeler.json,StoryCharaceterData
Channelsong.json,CardData
ChaosCost.json,MutatorData
ChaosGuiseReward.json,RelicRewardData
ChaosScepter.json,CardUpgradeData
CheaperMerchants.json,CollectableRelicData
CheaperSpellsWithPunishmentChallenge.json,ChallengeData
CheaperUnits.json,CollectableRelicData
CheaperUnits_Divine.json,CollectableRelicData
CheapSpells.json,MutatorData
Class1CardDraftRareReward.json,DraftRewardData
Class1Potions.json,CardPool
Class1RandomPotionReward.json,CardPoolRewardData
Class1SpikeReward.json,CardRewardData
Class1TomeReward.json,CardRewardData
Class2CardDraftRareReward.json,DraftRewardData
Class2Potions.json,CardPool
Class2RandomPotionReward.json,CardPoolRewardData
Class2SpikeReward.json,CardRewardData
Class2TomeReward.json,CardRewardData
Class3CardDraftRareReward.json,DraftRewardData
Class3Potions.json,CardPool
Class3RandomPotionReward.json,CardPoolRewardData
Class3SpikeReward.json,CardRewardData
Class3TomeReward.json,CardRewardData
Class4CardDraftRareReward.json,DraftRewardData
Class4Potions.json,CardPool
Class4RandomPotionReward.json,CardPoolRewardData
Class4SpikeReward.json,CardRewardData
Class4TomeReward.json,CardRewardData
Class5BlazingArrows2.json,CardPool
Class5BlazingArrows3.json,CardPool
Class5CardDraftRareReward.json,DraftRewardData
Class5Food.json,CardPool
Class5MorselMinerOnly.json,CardPool
Class5Potions.json,CardPool
Class5RandomPotionReward.json,CardPoolRewardData
Class5SpikeReward.json,CardRewardData
Class5StarterFoodCard.json,CardPool
Class5TomeReward.json,CardRewardData
Class6CardDraftRareReward.json,DraftRewardData
Class6CorruptEnhancerPool.json,RelicPool
Class6Potions.json,CardPool
Class6RandomPotionReward.json,CardPoolRewardData
Class6SpikeReward.json,CardRewardData
Class6TomeReward.json,CardRewardData
ClassAwoken.json,ClassData
ClassHellhorned.json,ClassData
ClassPotions.json,StoryEventData
ClassRemnant.json,ClassData
ClassSpikes.json,StoryEventData
ClassStygian.json,ClassData
ClassTomes.json,StoryEventData
ClassUmbra.json,ClassData
ClassWurm.json,ClassData
ClericT1.json,CharacterData
ClericT1_Shard.json,CharacterData
ClericT2.json,CharacterData
ClericT2_Rebel.json,CharacterData
ClericT2_Shard.json,CharacterData
ColdstingSiren.json,CardData
ColdstrikeSiren.json,CardData
Collector.json,StoryCharaceterData
ColoringBookBlessingReward.json,RelicRewardData
CombativeSiren.json,CardData
ConscriptionUpgrade.json,CardUpgradeData
ConscriptUnitPool.json,CardPool
ConserveEmber.json,CollectableRelicData
ConsumerOfCrowns #69758.json,CharacterData
ConsumerOfCrowns.json,CardData
ConsumerOfCrownsSynthesis.json,CardUpgradeData
Copier.json,StoryEventData
CopyConsumedCard.json,CollectableRelicData
CopyMorselsUnit.json,CardData
CopyMorselTwice.json,CardData
CopyOnPlayTraitUpgrade.json,CardUpgradeData
CorrodedCashChallenge.json,ChallengeData
CorruptionBattleStart.json,CollectableRelicData
CreateSpellCopyWithPurge.json,CardUpgradeData
CrucibleCollector.json,CardData
CrucibleWarden.json,CardData
CryptBuilder.json,CardData
CrystalRewardData_Low.json,IntRewardData
CursedEmber.json,StoryEventData
CursedEmber_Followup.json,StoryEventData
CycleOfLife.json,CardData
DamageAllUnitsEndOfTurn.json,MutatorData
DamageExtinguish.json,CardData
DamageOnBlightPlayed.json,CollectableRelicData
DamageOnBurnoutDeath.json,CollectableRelicData
DamageOnBurnoutDeath_Divine.json,CollectableRelicData
DamageOnCardPlayed.json,CollectableRelicData
DamageOnCardPlayed_Divine.json,CollectableRelicData
DamageOnConsume.json,CollectableRelicData
DamageOnConsume_Divine.json,CollectableRelicData
DamageOnCorruptPlay.json,CollectableRelicData
DamageOnEaten.json,CollectableRelicData
DamageOnFloorTransition.json,CollectableRelicData
DamageOnGoingDownFloor.json,CollectableRelicData
DamageStealGold.json,CardData
DamageToBackCardReward.json,CardRewardData
DamageToFrontCardReward.json,CardRewardData
Dante.json,StoryCharaceterData
DanteChampion #70067.json,MutatorData
DanteChampion.json,CardUpgradeData
DanteChatterData.json,CharacterChatterData
DanteMutatorPool.json,CardPool
DanteOnlyPool.json,CardPool
DanteReward.json,CardRewardData
DantesCandleOnlyPool.json,CardPool
DanteUnit.json,CardData
DarkDeal.json,CardData
DarkPactTempleMerchant.json,MerchantData
DazeBeforePyre.json,CollectableRelicData
Dazed.json,CardUpgradeData
Dazed2.json,CardUpgradeData
DazedOnEnterPyreRoom.json,CollectableRelicData
DazedOnFloorAscendDescend.json,CollectableRelicData
DeathEater.json,CardData
DeepOffering.json,CardData
DefaultHeroCharacterChatterData.json,CharacterChatterData
DefaultMonsterCharacterChatterData.json,CharacterChatterData
Delayed_AddGold.json,CardUpgradeData
Delayed_AddGoldFinal.json,CardUpgradeData
Delayed_BuffEndless.json,CardUpgradeData
Delayed_BuffEndlessFinal.json,CardUpgradeData
Delayed_RandomSpell.json,CardUpgradeData
Delayed_RandomSpellFinal.json,CardUpgradeData
Delayed_RemoveConsume.json,CardUpgradeData
Delayed_RemoveConsumeFinal.json,CardUpgradeData
Delayed_RevengeHeal.json,CardUpgradeData
Delayed_RevengeHealFinal.json,CardUpgradeData
Delayed_RevengeHealFinalTrigger.json,CardUpgradeData
Delayed_RevengeHealTrigger.json,CardUpgradeData
Delayed_SpawnRandomUnit.json,CardUpgradeData
Delayed_SpawnRandomUnitFinal.json,CardUpgradeData
Delayed_SpellCopy.json,CardUpgradeData
Delayed_SpellCopyFinal.json,CardUpgradeData
DelayedConsumeUpgrade.json,GrantUpgradedCachedCardRewardData
DelayedConsumeUpgradeFinal.json,GrantUpgradedCachedCardRewardData
DelayedRemoveAndCacheCardReward_Consume.json,PurgeRewardData
DelayedRemoveAndCacheCardReward_Spell.json,PurgeRewardData
DelayedRemoveAndCacheCardReward_Unit.json,PurgeRewardData
DelayedSpellUpgrade_Copy.json,GrantUpgradedCachedCardRewardData
DelayedSpellUpgrade_Gold.json,GrantUpgradedCachedCardRewardData
DelayedSpellUpgrade_RandomSpell.json,GrantUpgradedCachedCardRewardData
DelayedSpellUpgradeFinal_Copy.json,GrantUpgradedCachedCardRewardData
DelayedSpellUpgradeFinal_Gold.json,GrantUpgradedCachedCardRewardData
DelayedSpellUpgradeFinal_RandomSpell.json,GrantUpgradedCachedCardRewardData
DelayedUnitUpgrade_Endless.json,GrantUpgradedCachedCardRewardData
DelayedUnitUpgrade_Heal.json,GrantUpgradedCachedCardRewardData
DelayedUnitUpgrade_Units.json,GrantUpgradedCachedCardRewardData
DelayedUnitUpgradeFinal_Endless.json,GrantUpgradedCachedCardRewardData
DelayedUnitUpgradeFinal_Heal.json,GrantUpgradedCachedCardRewardData
DelayedUnitUpgradeFinal_Units.json,GrantUpgradedCachedCardRewardData
DelayedUpgrade.json,StoryEventData
DelayedUpgrade_Final.json,StoryEventData
DelayedUpgrade_Followup.json,StoryEventData
Demon.json,StoryCharaceterData
DemonChatterData.json,CharacterChatterData
DemonStatUpgrade.json,CardUpgradeData
DerangedBrute #69759.json,CharacterData
DerangedBrute.json,CardData
DerangedBruteSynthesis.json,CardUpgradeData
DivineVariantPool_A.json,RelicPool
DivineVariantPool_B.json,RelicPool
DivineVariantPool_C.json,RelicPool
DivinityBackgroundData.json,BackgroundData
DoubleDamageReward.json,CardRewardData
DoubleGoldEarned.json,MutatorData
DoubleStatusEffects.json,MutatorData
DoubleUnits.json,MutatorData
Draff #69760.json,CharacterData
Draff.json,CardData
DraffOnlyPool.json,CardPool
DraffSynthesis.json,CardUpgradeData
DraftUpgradePool.json,RelicPool
Drain.json,CardData
DrawOnCorruption.json,CollectableRelicData
DrawOnSnackPlayed.json,CollectableRelicData
DrawOnSummon.json,CardUpgradeData
DrawSpellEnhance.json,CardUpgradeData
DrawUnitEnhance.json,CardUpgradeData
DrawXCardsMakeCheaper.json,CardUpgradeData
Dreg.json,CharacterData
DregsTomb.json,CardData
DregSynthesis.json,CardUpgradeData
Dripfall.json,CardData
DuplicateCardReward.json,RelicRewardData
DuplicatorGeneric.json,RelicRewardData
DuplicatorGenericMerchant.json,RelicRewardData
DuplicatorSpell.json,RelicRewardData
DuplicatorUnit.json,RelicRewardData
EarlyOpportunityChallenge.json,ChallengeData
EchoesOfThePast.json,CardData
EchoInfusion.json,CardData
EchoSnare.json,CardData
EchoTransfer.json,CardData
EdgePrior #69762.json,CharacterData
EdgePrior.json,CardData
EdgePriorSynthesis.json,CardUpgradeData
EelGorgon.json,CardData
EelGorgonOnlyPool.json,CardPool
EggHatchRemoval.json,CollectableRelicData
EmberAtBattleStart.json,CollectableRelicData
EmberAtStartOfTurnOnly.json,MutatorData
EmberBlessConvertReward.json,ConvertCardRewardData
EmberCache.json,CardData
EmberedInfery.json,CardData
EmberForge.json,CardData
EmberOnEarlyDiscard.json,CollectableRelicData
EmberOnTombDeath.json,CollectableRelicData
EmberTwoMonsters.json,CollectableRelicData
EnchanterChatterData_Female.json,CharacterChatterData
EnchanterChatterData_Male.json,CharacterChatterData
EnchanterT1Speed.json,CharacterData
EnchanterT1Speed_Shard.json,CharacterData
EnchanterT1Spikes.json,CharacterData
EnchanterT1Spikes_Rebel.json,CharacterData
EnchanterT1Spikes_Shard.json,CharacterData
EnchanterT2Speed.json,CharacterData
EnchanterT2Speed_Shard.json,CharacterData
EnchanterT3Multistrike.json,CharacterData
EnchanterT3Multistrike_Shard.json,CharacterData
EnemiesGainFragileInPyreRoom.json,MutatorData
EnemiesGainSpellWeakness.json,MutatorData
EnemiesGetDamageShield.json,MutatorData
EnemiesGetSpikes.json,MutatorData
Enemy_AdditionalAttackT1.json,SinsData
Enemy_AdditionalAttackT2.json,SinsData
Enemy_AdditionalAttackT3.json,SinsData
Enemy_AdditionalHealthT1.json,SinsData
Enemy_AdditionalHealthT2.json,SinsData
Enemy_AdditionalHealthT3.json,SinsData
Enemy_AddMagicShield.json,SinsData
Enemy_AddMultistrike.json,SinsData
Enemy_AddSpikesT1.json,SinsData
Enemy_AddSpikesT2.json,SinsData
Enemy_AddSpikesT3.json,SinsData
Enemy_ArmorT1.json,SinsData
Enemy_ArmorT2.json,SinsData
Enemy_ArmorT3.json,SinsData
Enemy_BarrelsExplodeTwice.json,SinsData
Enemy_BossLevel3Defensive.json,SinsData
Enemy_BossLevel3Offensive.json,SinsData
Enemy_BossLevel3VariantB.json,SinsData
Enemy_ExplosivesGetDamageShield.json,SinsData
Enemy_FriendlyUnitsAreDazed.json,SinsData
Enemy_HealOnAscend.json,SinsData
Enemy_LastDivinity.json,SinsData
Enemy_LowerEmberT2.json,SinsData
Enemy_LowerEmberT3.json,SinsData
Enemy_SeraphAddConsumeToSpells.json,SinsData
Enemy_SeraphCleanse.json,SinsData
Enemy_SeraphRally.json,SinsData
Enemy_SeraphSap.json,SinsData
Enemy_SpawnBigHPRootedMultistrike.json,SinsData
Enemy_SpawnBigHPRootedOnDeathJunk.json,SinsData
Enemy_SpawnBigHPRootedSpellShield.json,SinsData
Enemy_SpawnHordeT1.json,SinsData
Enemy_SpawnHordeT2.json,SinsData
Enemy_SpawnHordeT3.json,SinsData
Enemy_TrapA_TrapB.json,SinsData
Enemy_TrapA_TrapC.json,SinsData
Enemy_TrapB_TrapC.json,SinsData
Enemy_TriggerDamageOnDeath.json,SinsData
EnemyBossesGainStealth.json,MutatorData
EnemyRecruit.json,StoryEventData
EnemyRecruit_MeleeWeakness #70239.json,EnhancerData
EnemyRecruit_MeleeWeakness #70437.json,RelicRewardData
EnemyRecruit_MeleeWeakness.json,CardUpgradeData
EnemyRecruit_Sap #70240.json,EnhancerData
EnemyRecruit_Sap #70438.json,RelicRewardData
EnemyRecruit_Sap.json,CardUpgradeData
EnemyRecruitReward.json,CardRewardData
EnergySiphon.json,CardData
Enflame.json,CardData
EngineUpgrade.json,CardData
Engraft.json,CardData
EngulfedInSmoke.json,CardData
EnhanceAttackOnConsume #70167.json,CollectableRelicData
EnhanceAttackOnConsume.json,CardUpgradeData
EnlightenedInfery.json,CardData
EnlightenedSiren.json,CardData
Ensnare.json,CardData
EntombedExplosive.json,CardData
EternalKinstone.json,CardData
Event.json,RandomMapDataContainer
EvilEyeChallenge.json,ChallengeData
ExcavatedEmberOnlyPool.json,CardPool
ExcavationEruption.json,CardData
Exclude5And6Capacity.json,CardUpgradeMaskData
ExcludeCardsFromJuice.json,CardUpgradeMaskData
ExcludeChampions.json,CardUpgradeMaskData
ExcludeChampionsExcludedUpgraded.json,CardUpgradeMaskData
ExcludeConsume.json,CardUpgradeMaskData
ExcludeDoublestack.json,CardUpgradeMaskData
ExcludedSpellsFromMagicPower.json,CardUpgradeMaskData
ExcludeEelGorgon.json,CardUpgradeMaskData
ExcludeEndless.json,CardUpgradeMaskData
ExcludeIntrinsic.json,CardUpgradeMaskData
ExcludeMorsels.json,CardUpgradeMaskData
ExcludeNonstackableStatusEffects.json,CardUpgradeMaskData
ExcludePermafrost.json,CardUpgradeMaskData
ExcludeQuick.json,CardUpgradeMaskData
ExcludeRetain.json,CardUpgradeMaskData
ExcludeSelfDestruct.json,CardUpgradeMaskData
ExcludeSmallest.json,CardUpgradeMaskData
ExcludeSoulSiphon.json,CardUpgradeMaskData
ExcludeSpellchain.json,CardUpgradeMaskData
ExcludeUnplayable.json,CardUpgradeMaskData
ExcludeUnpurgable.json,CardUpgradeMaskData
ExcludeZeroAndXCost.json,CardUpgradeMaskData
ExcludeZeroCost.json,CardUpgradeMaskData
ExhaustRelicReward.json,RelicRewardData
ExpensiveSpells.json,MutatorData
ExpensiveUnitsSketches.json,MutatorData
ExtractForEmberAndEchos.json,CollectableRelicData
ExtraDeathTrigger.json,CollectableRelicData
ExtraEmber.json,MutatorData
ExtraFeedTrigger.json,CollectableRelicData
ExtraSpawnTrigger.json,CollectableRelicData
ExtraSpellCastTrigger.json,CollectableRelicData
ExtraSpellUpgrades.json,CollectableRelicData
ExtraToughTombs.json,CollectableRelicData
ExtraUnitUpgrades.json,CollectableRelicData
FearCardReward.json,CardRewardData
Feast.json,CardData
FeederDamageEnemiesUnit.json,CardData
FeederPermanentAttackBoost.json,CardData
FeedingFrenzy.json,CardData
FinalArtifactReward.json,RelicRewardData
FinalArtifactReward_Shard.json,RelicRewardData
FinalEndingArtifact.json,CollectableRelicData
FireballSpawnCardReward.json,CardRewardData
FirstFriendlyUnitPerTurnGainsFragile.json,MutatorData
FirstImpBonus.json,CollectableRelicData
FirstOfKin.json,CardData
FirstTurnAdvantage.json,MutatorData
FirstUnitGainDamageShield.json,CollectableRelicData
FirstUnitGainDamageShield_Divine.json,CollectableRelicData
FlashFreeze.json,CardData
FledglingImpOnlyPool.json,CardPool
FlickerAddBurnoutToSelf.json,CardUpgradeData
FlickerAddBurnoutToSelf2.json,CardUpgradeData
FlickerAddBurnoutToSelf3.json,CardUpgradeData
FlickerHealOnHarvest.json,CardUpgradeData
FlickerHealOnHarvest2.json,CardUpgradeData
FlickerHealOnHarvest3.json,CardUpgradeData
FlickerRaiseOnSlay.json,CardUpgradeData
FlickerRaiseOnSlay2.json,CardUpgradeData
FlickerRaiseOnSlay3.json,CardUpgradeData
FocusedGrowth.json,CardData
ForcedContamination.json,CardData
ForesightBlessingReward.json,RelicRewardData
ForeverConsumed.json,CardData
ForgottenTrade.json,CardData
FormlessChild.json,CardData
FormlessChildEnhancer.json,CardUpgradeData
FormlessChildSynthesisTrigger.json,CardUpgradeData
Fortify.json,CardData
FragileCollectorsUpgradeSlotsChallenge.json,ChallengeData
FragilePyre.json,MutatorData
FragileStealthAttack.json,CardUpgradeData
FreeFromBlessing.json,CardUpgradeData
FreePurgeRewardData.json,PurgeRewardData
FreePurgeRewardData_BoneDog.json,PurgeRewardData
FreeReroll.json,CollectableRelicData
FreeSpellBlessing.json,CardUpgradeData
FreeUnit.json,CardUpgradeData
FreezeRandomEndOfTurn.json,CollectableRelicData
FreezeReduceCost.json,CollectableRelicData
FriendlySapPlusAttack.json,MutatorData
FriendlyUnitArtifacts.json,MutatorData
FriendlyUnitsDazed.json,MutatorData
FriendlyUnitsGetEndless.json,MutatorData
FriendlyUnitsGetHeartless.json,MutatorData
FriendlyUnitsGetQuick.json,MutatorData
FrostbiteOnEnemies.json,CollectableRelicData
FrostbiteOnEnemies_Divine.json,CollectableRelicData
FrostChanneling.json,CardData
FrozenTotem.json,CardData
FTGGUnitChatterData.json,CharacterChatterData
FtuePool.json,RelicPool
FullFloorDamagePurgeReward.json,CardRewardData
FullFloorHealPurgeReward.json,CardRewardData
FullHealReward.json,IntRewardData
FurnaceTap #69559.json,CardData
FurnaceTap.json,CardUpgradeData
GainXEnergy.json,CardData
GainXGold.json,CardData
GambleEvent.json,StoryEventData
GambleRelicPoolReward.json,RelicPoolRewardData
GemTrove.json,CardData
GenericDuplicator.json,EnhancerData
GiftsForAGuard.json,CardData
GiganticGoldReward.json,IntRewardData
GimmeGold.json,StoryEventData
Glareminder.json,CardData
Glimmer.json,CardData
Glugsider.json,CardData
GoldOnDeath.json,CollectableRelicData
GoldReward_AmbushFreeGold.json,IntRewardData
GoldReward_AmbushWager.json,IntRewardData
GoldReward100.json,IntRewardData
GoldReward125.json,IntRewardData
GoldReward150.json,IntRewardData
GoldReward200.json,IntRewardData
GoldReward25.json,IntRewardData
GoldReward250.json,IntRewardData
GoldReward50.json,IntRewardData
GoldReward75.json,IntRewardData
GoldRewardLevel7Trials.json,IntRewardData
GoldRewards.json,StoryEventData
GooglyEyes #70075.json,MutatorData
Gravity.json,MutatorData
GreatChampionBadSpellsChallenge.json,ChallengeData
Grovel.json,CardData
GuardianAmulet.json,CardData
HalfGoldEarned.json,MutatorData
HallowedHalls.json,CardData
HandChallenge.json,ChallengeData
HandDoesntDiscard.json,MutatorData
HandSizeMinusTwo.json,MutatorData
HealAllUnitsEndOfTurn.json,MutatorData
HealingTotem.json,CardData
HealOnHarvestTrigger1.json,CardUpgradeData
HealOnHarvestTrigger2.json,CardUpgradeData
HealOnHarvestTrigger3.json,CardUpgradeData
HealthBuffHealImmunity.json,CollectableRelicData
HealthIncreaseMonsters.json,CollectableRelicData
HealthIncreaseMonsters_Divine.json,CollectableRelicData
HealthRestoreMap.json,IntRewardData
HealthRestoreMerchant.json,IntRewardData
HealToBackCardReward.json,CardRewardData
HealToDamage.json,CollectableRelicData
HealToFrontCardReward.json,CardRewardData
HealTrainOnPyreKill.json,CollectableRelicData
HeavyChallenge.json,ChallengeData
HeavyT1Basic.json,CharacterData
HeavyT1Basic_Shard.json,CharacterData
HeavyT1ChainedBrute.json,CharacterData
HeavyT1ChainedBrute_Shard.json,CharacterData
HeavyT1GainAttackOnSpellcast.json,CharacterData
HeavyT1GainAttackOnSpellcast_Shard.json,CharacterData
HeavyT2Basic.json,CharacterData
HeavyT2Basic_Shard.json,CharacterData
HeavyT2DeathHarvester.json,CharacterData
HeavyT2DeathHarvester_Shard.json,CharacterData
HeavyT2GrowOnAscend.json,CharacterData
HeavyT2GrowOnAscend_Shard.json,CharacterData
HeavyT2GrowOnKill.json,CharacterData
HeavyT2GrowOnKill_Shard.json,CharacterData
HeavyT2SelfRepair.json,CharacterData
HeavyT2SelfRepair_Shard.json,CharacterData
HeavyT3Basic.json,CharacterData
HeavyT3Basic_Shard.json,CharacterData
HeavyT3DeathHarvester.json,CharacterData
HeavyT3DeathHarvester_Shard.json,CharacterData
HeavyT3EmberDrain.json,CharacterData
HeavyT3EmberDrain_Shard.json,CharacterData
HelldriverDemonBuffBlessing.json,RelicRewardData
HelldriverDemonHealthBuff.json,RelicRewardData
HelldriverImpCostBlessing.json,RelicRewardData
HelldriverImpDamageBuff.json,RelicRewardData
HelldriverUpgradeDemon.json,RelicRewardData
HelldriverUpgradeImp.json,RelicRewardData
HellhornedApexImpChatterData.json,CharacterChatterData
HellhornedChampionChatterData.json,CharacterChatterData
HellhornedChampionChatterData_Exile.json,CharacterChatterData
HellhornedHornbreaker.json,ChampionData
HellhornedImpQueen.json,ChampionData
Heph.json,StoryCharaceterData
HephBigHitReward.json,RelicRewardData
HephChampion #70047.json,MutatorData
HephChampion.json,CardUpgradeData
HephHammer.json,CardData
HephHammerReward.json,CardRewardData
HephHitReward.json,CardRewardData
HephMutatorPool.json,CardPool
HephOnlyPool.json,CardPool
HephRecruit.json,StoryEventData
HephRecruit_Followup.json,StoryEventData
HephRecruit_UpgradeAttack #70461.json,RelicRewardData
HephRecruit_UpgradeAttack.json,EnhancerData
HephRecruitUpgrade.json,CardUpgradeData
HephStartingUpgrade.json,CardUpgradeData
HephUnit.json,CardData
HephUnitChatterData.json,CharacterChatterData
HephUnitReward.json,CardRewardData
HeroAscendCardReward.json,CardRewardData
HeroBottomBump.json,CardData
HiddenPassage.json,CardData
HiddenUpgrade.json,StoryEventData
HiddenUpgrade_Followup.json,StoryEventData
HivemindButHardChallenge.json,ChallengeData
HoardAcolyte.json,CardData
HordeT1.json,CharacterData
HordeT1_Rebel.json,CharacterData
HordeT1_Shard.json,CharacterData
HordeT2DeathGivesAttack.json,CharacterData
HordeT2DeathGivesAttack_Rebel.json,CharacterData
HordeT2DeathGivesAttack_Shard.json,CharacterData
HordeT3DeathDoesDamage.json,CharacterData
HordeT3DeathDoesDamage_Shard.json,CharacterData
HornBreak.json,CardData
Hornbreaker.json,StoryCharaceterData
HornbreakerAttackOnKill.json,CardUpgradeData
HornbreakerAttackOnKill2.json,CardUpgradeData
HornbreakerAttackOnKill3.json,CardUpgradeData
HornbreakerChampion.json,CardData
HornbreakerMultistrike.json,CardUpgradeData
HornbreakerMultistrike2.json,CardUpgradeData
HornbreakerMultistrike3.json,CardUpgradeData
HornbreakerRageful.json,CardUpgradeData
HornbreakerRageful2.json,CardUpgradeData
HornbreakerRageful3.json,CardUpgradeData
HornedWarrior.json,CardData
HostingKin.json,CardData
HugeGoldReward.json,IntRewardData
Hunter.json,CardUpgradeData
HuskHermit #69763.json,CharacterData
HuskHermit.json,CardData
HuskHermitSynthesis.json,CardUpgradeData
IceAndPyre.json,CardData
Icestorm.json,CardData
IceTornado.json,CardData
ImmortalityPotion.json,CardData
ImmortalTrade.json,CardData
ImpChangerBlessingReward.json,RelicRewardData
ImpChatterData.json,CharacterChatterData
ImpDamageBuff.json,CollectableRelicData
ImpDollCardReward.json,CardRewardData
ImpInABox.json,CardData
ImplingChatterData.json,CharacterChatterData
ImpOlate.json,CardData
ImpPool.json,CardPool
ImpPressive.json,CardData
ImpProvisation.json,CardData
ImpQueenChampion.json,CardData
ImpStarterOnlyPool.json,CardPool
ImpStatUpgrade.json,CardUpgradeData
IncreaseArmorStacks.json,CollectableRelicData
IncreaseBurnoutStacks.json,CollectableRelicData
IncreaseDecaySlimeStacks.json,CollectableRelicData
IncreaseFrostbiteStacks.json,CollectableRelicData
IncreaseMagicPower.json,CollectableRelicData
IncreaseMagicPower_Divine.json,CollectableRelicData
IncreaseMagicPowerOnSpellsPlayed.json,CollectableRelicData
IncreaseMagicPowerOnSpellsPlayed_Divine.json,CollectableRelicData
IncreaseMaxCorruption.json,CollectableRelicData
IncreaseRageDamage.json,CollectableRelicData
IncreaseRoomCapacity.json,CardData
IndividualRandomBlessing.json,RelicPoolRewardData
IndividualSpellUpgrade.json,RelicPoolRewardData
IndividualSpellUpgradeCommon.json,RelicPoolRewardData
IndividualSpellUpgradeCostReduction.json,RelicPoolRewardData
IndividualSpellUpgradeDarkPactCommon.json,RelicPoolRewardData
IndividualSpellUpgradeDarkPactUncommon.json,RelicPoolRewardData
IndividualUnitUpgrade.json,RelicPoolRewardData
IndividualUnitUpgradeCommon.json,RelicPoolRewardData
Inferno.json,CardData
Infery.json,StoryCharaceterData
InitialStarterDeck.json,CardSetBuilder
IntentOnDeath.json,CardData
JarOfFrost.json,CardData
JunkPoolT1.json,CardPool
JunkPoolT2.json,CardPool
JunkPoolT3.json,CardPool
JunkPoolUltimate.json,CardPool
KeeperOfEchoes.json,CardData
KillRallyReward.json,RelicRewardData
KillRandomUnit.json,CardData
KinhostCarapace.json,CardData
KinhostPupa.json,CardData
KinhostVessel.json,CardData
LadyOfTheHouse #69764.json,CharacterData
LadyOfTheHouse.json,CardData
LadyOfTheHouseSynthesis.json,CardUpgradeData
LadyOfTheReformed #69765.json,CharacterData
LadyOfTheReformed.json,CardData
LadyOfTheReformedSynthesis.json,CardUpgradeData
Large_ShrinkRayEvent.json,CardUpgradeData
LargeGoldReward.json,IntRewardData
LastDivinityChatterData.json,CharacterChatterData
LastStand.json,CardData
LessCapacityCheaperSpells.json,CollectableRelicData
Level0EmptyTest.json,ScenarioData
Level1BattleAttackers.json,ScenarioData
Level1BattleHealers.json,ScenarioData
Level1BattleHealersFTUE.json,ScenarioData
Level1BattleHeavy.json,ScenarioData
Level1BattleHorde.json,ScenarioData
Level1Bosses.json,BossVariantSpawnData
Level1GoldForSpikes.json,TrailData
Level2BattleAttackersDeprecated.json,ScenarioData
Level2BattleDefensiveDeprecated.json,ScenarioData
Level2BattleDefensiveFTUEDeprecated.json,ScenarioData
Level2BattleHaste.json,ScenarioData
Level2BattleHeavyHealOnSpellcast.json,ScenarioData
Level2BattleJunk.json,ScenarioData
Level2BattleSpikes.json,ScenarioData
Level2BattleSpikesFTUE.json,ScenarioData
Level2Bosses.json,BossVariantSpawnData
Level2GoldForSpikes.json,TrailData
Level2Trials.json,TrialDataList
Level3BattleDaedalusArmor.json,ScenarioData
Level3BattleDaedalusDoubleBarrel.json,ScenarioData
Level3BattleDaedalusExplosive.json,ScenarioData
Level3BattleTalosArmorOnKill.json,ScenarioData
Level3BattleTalosDaze.json,ScenarioData
Level3BattleTalosPush.json,ScenarioData
Level4BattleGrowth.json,ScenarioData
Level4BattleJunk.json,ScenarioData
Level4BattleShields.json,ScenarioData
Level4BattleSpeedEnchanter.json,ScenarioData
Level4Bosses.json,BossVariantSpawnData
Level5BattleDeathHarvester.json,ScenarioData
Level5BattleHeavyGrowOnKill.json,ScenarioData
Level5BattleHorde.json,ScenarioData
Level5BattleStealth.json,ScenarioData
Level5Bosses.json,BossVariantSpawnData
Level6BattleArchusTrapATrapB.json,ScenarioData
Level6BattleArchusTrapATrapC.json,ScenarioData
Level6BattleArchusTrapBTrapC.json,ScenarioData
Level6BattleFelArmor.json,ScenarioData
Level6BattleFelJunk.json,ScenarioData
Level6BattleFelJunkFTUE.json,ScenarioData
Level6BattleFelRage.json,ScenarioData
Level7BattleEnergy.json,ScenarioData
Level7BattleHordeHarvest.json,ScenarioData
Level7BattleJunk.json,ScenarioData
Level7BattleMultistrikeEnchanter.json,ScenarioData
Level7Bosses.json,BossVariantSpawnData
Level7Reaper.json,ScenarioData
Level8BattleBossOld.json,ScenarioData
Level8FinalBossAttacker.json,ScenarioData
Level8FinalBossDebuffUnits.json,ScenarioData
Level8FinalBossPurify.json,ScenarioData
Level8FinalBossPurifyFTUE.json,ScenarioData
Level8FinalBossSpellConsume.json,ScenarioData
Level9TrueFinalBoss.json,ScenarioData
LevelableUnits.json,CardPool
Levity.json,MutatorData
Lifesteal3.json,CardUpgradeData
LifestealEveryone.json,MutatorData
LittleFadeAttackDmgOnDeath.json,CardUpgradeData
LittleFadeAttackDmgOnDeath2.json,CardUpgradeData
LittleFadeAttackDmgOnDeath3.json,CardUpgradeData
LittleFadeBuffFriendlyOnDeath.json,CardUpgradeData
LittleFadeBuffFriendlyOnDeath2.json,CardUpgradeData
LittleFadeBuffFriendlyOnDeath3.json,CardUpgradeData
LittleFadeIncreaseCostOnDeath.json,CardUpgradeData
LittleFadeIncreaseCostOnDeath2.json,CardUpgradeData
LittleFadeIncreaseCostOnDeath3.json,CardUpgradeData
LittleFadePermanentSpikes.json,CardUpgradeData
LittleFadePermanentSpikes2.json,CardUpgradeData
LittleFadePermanentSpikes3.json,CardUpgradeData
LittleFadeSpikes1.json,CardUpgradeData
LittleFadeSpikes2.json,CardUpgradeData
LittleFadeSpikes3.json,CardUpgradeData
LodestoneOnlyPool.json,CardPool
LoseMoneyOnHit.json,MutatorData
LowCost.json,CardUpgradeData
MageT1Junker.json,CharacterData
MageT1Junker_Shard.json,CharacterData
MageT2Junker.json,CharacterData
MageT2Junker_Shard.json,CharacterData
MageT3Junker.json,CharacterData
MageT3Junker_Shard.json,CharacterData
Magic.json,CardUpgradeData
MagicJuice.json,CardData
MagicJunkReward.json,CardRewardData
MagicPowerAcolyte.json,CardData
MagicPowerBuffAnnhilate.json,CardUpgradeData
MagicPowerHand.json,CardData
MagicPowerHuge.json,CardUpgradeData
MagicPowerSpells.json,CardUpgradeMaskData
MagicPowerSpellUpgrade.json,CardUpgradeData
MagicPowerWhenCardConsumed.json,CollectableRelicData
MagicPowerWhenCardConsumed_Divine.json,CollectableRelicData
MainClassCommon1X.json,CardPull
MainClassCommon2X.json,CardPull
MainClassCopies1X.json,CardSetBuilder
MainClassRare1X.json,CardPull
MainClassSingleCardRareReward.json,CardPoolRewardData
MainClassStarter1X.json,CardPull
MainClassStarter3X.json,CardPull
MainClassStarter5X.json,CardPull
MainClassUncommon1X.json,CardPull
MakeBigger.json,CardUpgradeData
MakeSmaller.json,CardUpgradeData
MakingOfAMorsel.json,CardData
Malicka_Mutator_1.json,StoryEventData
Malicka_Mutator_2.json,StoryEventData
Malicka_Mutator_START.json,StoryEventData
Malicka_Purge.json,StoryEventData
Malicka_Purge_2.json,StoryEventData
Malicka_Purge_3.json,StoryEventData
Malicka_Purge_4.json,StoryEventData
MalickaHeal_1.json,IntRewardData
MalickaHeal_2.json,IntRewardData
MalickaHeal_3.json,IntRewardData
MalickaHeal_4.json,IntRewardData
ManyUpgradeSlots.json,MutatorData
MapSkipRewardData.json,RewardData
MarchOfShields.json,CardData
MartyrChampionBaseline.json,CardUpgradeData
MassiveBuffAnnhilate.json,CardUpgradeData
MathChallenge.json,ChallengeData
MegaPool.json,CardPool
MegaRelicPool.json,RelicPool
MementoMori.json,CardData
MemoriesOfTheMelted.json,CardData
MerchantPoolEarly.json,RandomMapDataContainer
MerchantPoolFinal.json,RandomMapDataContainer
MerchantPoolFirst.json,RandomMapDataContainer
MerchantPoolLate.json,RandomMapDataContainer
MergedSpell_Single.json,CardData
MergedSpell_Targetless.json,CardData
MineCollapse.json,CardData
MinorBuff.json,CardUpgradeData
Minus666Health.json,CardUpgradeData
ModifyTowerMaxHealth.json,CollectableRelicData
ModifyXCostCards.json,CollectableRelicData
Molded.json,CardData
MolluscmageMagicPower.json,CardUpgradeData
MolluscmageMagicPowerSynthesis.json,CardUpgradeData
MoltenEncasement #69766.json,CharacterData
MoltenEncasement.json,CardData
MoltenEncasementSynthesis.json,CardUpgradeData
MoltenMorsel.json,CardData
MoltenMorselTrigger.json,CardUpgradeData
MoneyGainAndPyreShield.json,MutatorData
MonsterAggressiveImp.json,CharacterData
MonsterAggressiveImpSynthesis.json,CardUpgradeData
MonsterAlloyedSavage.json,CharacterData
MonsterAnimusBow.json,CharacterData
MonsterAnimusBowSynthesis.json,CardUpgradeData
MonsterAnimusSword.json,CharacterData
MonsterAnimusSwordSynthesis.json,CardUpgradeData
MonsterApexImp.json,CharacterData
MonsterApexImpSynthesis.json,CardUpgradeData
MonsterBasher.json,CharacterData
MonsterBasherSynthesis.json,CardUpgradeData
MonsterBlightedTotem.json,CharacterData
MonsterBlightedTotemSynthesis.json,CardUpgradeData
MonsterBogChrysalis.json,CharacterData
MonsterBogChrysalisSynthesis.json,CardUpgradeData
MonsterBogdeepCocoon.json,CharacterData
MonsterBogdeepCocoonSynthesis.json,CardUpgradeData
MonsterBogFly.json,CharacterData
MonsterBogFlySynthesis.json,CardUpgradeData
MonsterBogWurmling.json,CharacterData
MonsterChampionAwokenHollow.json,CharacterData
MonsterChampionAwokenRoot.json,CharacterData
MonsterChampionHellhornedHornbreaker.json,CharacterData
MonsterChampionHellhornedShardtail.json,CharacterData
MonsterChampionUmbraPenumbra.json,CharacterData
MonsterChampionUmbraPrimordium.json,CharacterData
MonsterChannelerHealer.json,CharacterData
MonsterChaosBasic.json,CharacterData
MonsterChaosBasicSynthesis.json,CardUpgradeData
MonsterColdstingSiren.json,CharacterData
MonsterColdstingSirenSynthesis.json,CardUpgradeData
MonsterColdstrikeSiren.json,CharacterData
MonsterColdstrikeSirenSynthesis.json,CardUpgradeData
MonsterCombatativeSirenSynthesis.json,CardUpgradeData
MonsterCombativeSiren.json,CharacterData
MonsterCopycat.json,CharacterData
MonsterCopycatSynthesis.json,CardUpgradeData
MonsterDante.json,CharacterData
MonsterDanteSynthesis.json,CardUpgradeData
MonsterDazeOnDeath.json,CharacterData
MonsterDazeOnDeathSynthesis.json,CardUpgradeData
MonsterDeathEater.json,CharacterData
MonsterDeathEaterSynthesis.json,CardUpgradeData
MonsterDemonGeneral.json,CharacterData
MonsterDevourer.json,CharacterData
MonsterDevourerSynthesis.json,CardUpgradeData
MonsterDoomedWarden.json,CharacterData
MonsterDrainingHunter.json,CharacterData
MonsterDrainingHunterSynthesis.json,CardUpgradeData
MonsterDrainingSalvager.json,CharacterData
MonsterDrainingSalvagerSynthesis.json,CardUpgradeData
MonsterEelGorgon.json,CharacterData
MonsterEelGorgonSynthesis.json,CardUpgradeData
MonsterEmberedInfery.json,CharacterData
MonsterEmberedInferySynthesis.json,CardUpgradeData
MonsterEmberFurnace.json,CharacterData
MonsterEmberFurnaceSynthesis.json,CardUpgradeData
MonsterEnchantmentTotem.json,CharacterData
MonsterEnlightenedInfery.json,CharacterData
MonsterEnlightenedInferySynthesis.json,CardUpgradeData
MonsterEnlightenedSiren.json,CharacterData
MonsterEnlightenedSirenSynthesis.json,CardUpgradeData
MonsterEpicure.json,CharacterData
MonsterEpicureSynthesis.json,CardUpgradeData
MonsterExpandingScrap.json,CharacterData
MonsterFaerieBuffHero.json,CharacterData
MonsterFans.json,StoryCharaceterData
MonsterFirstOfKin.json,CharacterData
MonsterFirstOfKinSynthesis.json,CardUpgradeData
MonsterFirstWaxer.json,CharacterData
MonsterFlyingScrews.json,CharacterData
MonsterFollowers.json,CharacterData
MonsterFollowersReward.json,CardRewardData
MonsterFoodGrantTrample.json,CharacterData
MonsterFrigidWarden.json,CharacterData
MonsterFrozenTotem.json,CharacterData
MonsterFrozenTotemSynthesis.json,CardUpgradeData
MonsterFusedSlagger.json,CharacterData
MonsterGhoul.json,CharacterData
MonsterGlareminder.json,CharacterData
MonsterGlareminderSynthesis.json,CardUpgradeData
MonsterGlugsider.json,CharacterData
MonsterGlugsiderSynthesis.json,CardUpgradeData
MonsterGlutton.json,CharacterData
MonsterGluttonSynthesis.json,CardUpgradeData
MonsterGorger.json,CharacterData
MonsterGorgerSynthesis.json,CardUpgradeData
MonsterHarvestAttack.json,CharacterData
MonsterHeph.json,CharacterData
MonsterHephSynthesis.json,CardUpgradeData
MonsterHoardTotem.json,CharacterData
MonsterHoardTotemSynthesis.json,CardUpgradeData
MonsterHollowGolem.json,CharacterData
MonsterHollowGolemSynthesis.json,CardUpgradeData
MonsterImpWimp.json,CharacterData
MonsterInitiate.json,CharacterData
MonsterIronMaiden.json,CharacterData
MonsterIronMaidenSynthesis.json,CardUpgradeData
MonsterKeeperOfEchoes.json,CharacterData
MonsterKeeperOfEchoesSynthesis.json,CardUpgradeData
MonsterKinhostCarapace.json,CharacterData
MonsterKinhostCarapaceSynthesis.json,CardUpgradeData
MonsterKinhostPupa.json,CharacterData
MonsterKinhostVessel.json,CharacterData
MonsterKinhostVesselSynthesis.json,CardUpgradeData
MonsterMagicTotem.json,CharacterData
MonsterMagicTotemSynthesis.json,CardUpgradeData
MonsterMerchant.json,CharacterData
MonsterMerchantSynthesis.json,CardUpgradeData
MonsterMonstrosity.json,CharacterData
MonsterMonstrositySynthesis.json,CardUpgradeData
MonsterMorselMade.json,CharacterData
MonsterMorselMadeSynthesis.json,CardUpgradeData
MonsterPhantom.json,CharacterData
MonsterPoltergeist.json,CharacterData
MonsterProsperityTotem.json,CharacterData
MonsterProsperityTotemSynthesis.json,CardUpgradeData
MonsterQueensImp.json,CharacterData
MonsterQueensImpSynthesis.json,CardUpgradeData
MonsterRaven.json,CharacterData
MonsterRavenKnight.json,CharacterData
MonsterReplicatingExtinguish_Event.json,CharacterData
MonsterReplicatingExtinguishSynthesis.json,CardUpgradeData
MonsterReplicatingSlay_Event.json,CharacterData
MonsterRuneboundGuardian.json,CharacterData
MonsterRuneboundGuardianSynthesis.json,CardUpgradeData
MonsterRuneboundProtector.json,CharacterData
MonsterRuneboundProtectorSynthesis.json,CardUpgradeData
MonsterScavengingGhoul.json,CharacterData
MonsterSeethingGears.json,CharacterData
MonsterShadowStalker.json,CharacterData
MonsterShardsoulCarver.json,CharacterData
MonsterShardsoulCarverSynthesis.json,CardUpgradeData
MonsterShiveringPuffer.json,CharacterData
MonsterSimulatron.json,CharacterData
MonsterSlime.json,CharacterData
MonsterSlimeExplosive.json,CharacterData
MonsterSmokeAndMirrors.json,CharacterData
MonsterSoothingSiren.json,CharacterData
MonsterSplitterLarge.json,CharacterData
MonsterSplitterLargeSynthesis.json,CardUpgradeData
MonsterSplitterMedium.json,CharacterData
MonsterSplitterSmall.json,CharacterData
MonsterSteelsinger.json,CharacterData
MonsterSteelsingerSynthesis.json,CardUpgradeData
MonsterStygianChampionMartyr.json,CharacterData
MonsterStygianChampionTethys.json,CharacterData
MonsterTankDemon2.json,CharacterData
MonsterTombDraw.json,CharacterData
MonsterTombExploding.json,CharacterData
MonsterTombExplodingSynthesis.json,CardUpgradeData
MonsterTombExtraBurnout.json,CharacterData
MonsterTotemHealing.json,CharacterData
MonsterTotemHealingSynthesis.json,CardUpgradeData
MonsterUnstableInfery.json,CharacterData
MonsterUnstableInferySynthesis.json,CardUpgradeData
MonsterVFXTest.json,CharacterData
MonsterWurmChampion1.json,CharacterData
MonsterWurmChampion2.json,CharacterData
Monstrosity.json,CardData
MoreCapacity.json,CollectableRelicData
MoreRoomSpace.json,MutatorData
MoreSpikes.json,CollectableRelicData
MoreTreasureUnits.json,MutatorData
MoreTriggers.json,MutatorData
MorselAntumbraJeweler.json,CharacterData
MorselExcavatorTrigger.json,CardUpgradeData
MorselJeweler.json,CardData
MorselJewelerTrigger.json,CardUpgradeData
MorselMade.json,CardData
Morselmaker.json,CardData
MorselMiner.json,CardData
MorselMinerTrigger.json,CardUpgradeData
MorselMoltenMorsel.json,CharacterData
MorselMorselMiner.json,CharacterData
MorselRubbleRaiser.json,CharacterData
MorselsGetDamageShield.json,CollectableRelicData
MorselShadowMorsel.json,CharacterData
MorselVoidExcavator.json,CharacterData
MoveUpOnSpellDamage.json,MutatorData
Multistrike1.json,CardUpgradeData
MultistrikePyre.json,MutatorData
NewChallengerChampionPool.json,CardPool
NoChampDoubleTriggersChallenge.json,ChallengeData
NoCombatPreviews.json,MutatorData
NonclassCards.json,StoryEventData
NoShards.json,MutatorData
OfferingMonumentTrigger.json,CardUpgradeData
OfferingToken.json,CardData
OnehornsTome.json,CardData
OneUpgradeSlot.json,MutatorData
OnlyAttackingUnits.json,CardUpgradeMaskData
OnlyConsume.json,CardUpgradeMaskData
OnlyDamageCard.json,CardUpgradeMaskData
OnlyDante.json,CardUpgradeMaskData
OnlyDemons.json,CardUpgradeMaskData
OnlyHeph.json,CardUpgradeMaskData
OnlyMorsels.json,CardUpgradeMaskData
OnlySpells.json,CardUpgradeMaskData
OnlySpells_SpellMerge.json,CardUpgradeMaskData
OnlyStatusEffectSetting.json,CardUpgradeMaskData
OnlyStewards.json,CardUpgradeMaskData
OnlyStings.json,CardUpgradeMaskData
OnlyTombs.json,CardUpgradeMaskData
OnlyUnit.json,CardUpgradeMaskData
OnlyUnitExcludingChamps.json,CardUpgradeMaskData
OnlyUnitIncludingChamps.json,CardUpgradeMaskData
Overcharge.json,StoryEventData
Overcharge_BuffTrain.json,CardRewardData
Overcharge_HealTrain.json,CardRewardData
Overcharge_Strengthstone.json,RelicRewardData
PackedMorsels.json,CardData
PactAllNodesPool.json,RandomMapDataContainer
PactArmor.json,CollectableRelicData
PactArtifactAndGoldPool.json,RandomMapDataContainer
PactArtifactPool.json,RandomMapDataContainer
PactMerchantPool.json,RandomMapDataContainer
PaidBlessing.json,StoryEventData
PaidRelicPoolReward.json,RelicPoolRewardData
PamphletCardReward.json,CardRewardData
ParaffinThug.json,CharacterData
ParaffinThugSynthesis.json,CardUpgradeData
ParafinEnforcerSynthesis.json,CardUpgradeData
ParrafinEnforcer #69877.json,CharacterData
ParrafinEnforcer.json,CardData
ParrafinThug.json,CardData
PenumbraCapacityOnKill.json,CardUpgradeData
PenumbraCapacityOnKill2.json,CardUpgradeData
PenumbraCapacityOnKill3.json,CardUpgradeData
PenumbraIncreaseStatsCapacity.json,CardUpgradeData
PenumbraIncreaseStatsCapacity2.json,CardUpgradeData
PenumbraIncreaseStatsCapacity3.json,CardUpgradeData
PenumbraStatsOnEat.json,CardUpgradeData
PenumbraStatsOnEat2.json,CardUpgradeData
PenumbraStatsOnEat3.json,CardUpgradeData
PerfectInsanity.json,CardData
PerilsOfProduction.json,CardData
Permadeath.json,MutatorData
PermadeathRelic.json,CollectableRelicData
PermadeathRelicReward.json,RelicRewardData
PickpocketReward.json,CardRewardData
Piercing.json,CardUpgradeData
PiercingSpells_Malicka.json,MutatorData
Placeholder.json,StoryCharaceterData
Plus10Attack.json,CardUpgradeData
Plus10Attack10HealthSynthesis.json,CardUpgradeData
Plus1Attack.json,CardUpgradeData
Plus1Attack1Health.json,CardUpgradeData
Plus1AttackSynthesis.json,CardUpgradeData
Plus2Attack.json,CardUpgradeData
Plus2Attack2Armor.json,CardUpgradeData
Plus2Attack2Health.json,CardUpgradeData
Plus2Attack2HealthSynthesis.json,CardUpgradeData
Plus2AttackSynthesis.json,CardUpgradeData
Plus3Attack.json,CardUpgradeData
Plus3Attack3Health.json,CardUpgradeData
Plus4Attack4Health.json,CardUpgradeData
Plus5Attack.json,CardUpgradeData
Plus5Attack5Health.json,CardUpgradeData
Plus5AttackSynthesis.json,CardUpgradeData
Plus6Attack6HealthSynthesis.json,CardUpgradeData
PotionDamageAttractCardReward.json,CardRewardData
PotionDamageShieldCardReward.json,CardRewardData
PotionDazedCardReward.json,CardRewardData
PowerOfKnowledge.json,CardData
Powerstone.json,CardUpgradeData
Preserve.json,CardData
PreUpgradedChallenge.json,ChallengeData
PrimordiumAttackStat.json,CardUpgradeData
PrimordiumAttackStat2.json,CardUpgradeData
PrimordiumAttackStat3.json,CardUpgradeData
PrimordiumBaseOnEaten.json,CardUpgradeData
PrimordiumEatMany.json,CardUpgradeData
PrimordiumEatMany2.json,CardUpgradeData
PrimordiumEatMany3.json,CardUpgradeData
PrimordiumStatusEffects.json,CardUpgradeData
PrimordiumStatusEffects2.json,CardUpgradeData
PrimordiumStatusEffects3.json,CardUpgradeData
PrismalDust.json,CardData
PrismRetrieval #69576.json,CardData
PrismRetrieval.json,CardUpgradeData
Proclamation.json,CardData
ProsperityTotem.json,CardData
PurchaseDupes.json,MutatorData
PurgeableCurse.json,StoryEventData
PurgeableCurse_Followup.json,StoryEventData
PurgeChampion.json,MutatorData
PurgeMandoryReward.json,PurgeRewardData
PurgeReward.json,PurgeRewardData
PurgeRewardMerchant.json,PurgeRewardData
PurgeThreeReward.json,PurgeRewardData
PurgeToExhaust.json,CollectableRelicData
PurgeTwoReward.json,PurgeRewardData
PurifyingCleanse.json,CardData
PyreArmor.json,CollectableRelicData
PyreArmor_Divine.json,CollectableRelicData
PyreBookBlessingReward.json,RelicRewardData
PyreDamageBuff.json,CollectableRelicData
PyreDamageBuffGoldScaling.json,CollectableRelicData
PyreGro #69373.json,CardData
PyreGro.json,CardUpgradeData
PyreHeart.json,CharacterData
PyreHeartChatter.json,CharacterChatterData
PyreUpgradeDamageGoldScalingReward.json,RelicRewardData
QuickAttack.json,CardUpgradeData
Rage.json,CardUpgradeData
RageOnBurnoutStackLoss.json,CollectableRelicData
RagePreservedOnFriendlies.json,CollectableRelicData
RageSerum.json,CardData
Railbeater #69878.json,CharacterData
Railbeater.json,CardData
RailbeaterSynthesis.json,CardUpgradeData
Raise.json,CardUpgradeData
RaiseForChampionLevel1.json,CardUpgradeData
RaiseForChampionLevel2.json,CardUpgradeData
RaiseForChampionLevel3.json,CardUpgradeData
RaisePlusWickedBlaze.json,CardUpgradeData
RandomCapacityIncreaseRelicReward.json,RelicRewardData
RandomCardCostOnDraw.json,CollectableRelicData
RandomChampionPool.json,RandomChampionPool
RandomChosenBanner.json,RandomMapDataContainer
RandomChosenMainClassUnit.json,RandomMapDataContainer
RandomChosenSubClassUnit.json,RandomMapDataContainer
RandomDamageCardReward.json,CardRewardData
RandomDeckAndDupeChallenge.json,ChallengeData
RandomForge.json,RandomMapDataContainer
RandomizedStarterDeck.json,CardSetBuilder
RandomLargerRoom.json,CollectableRelicData
RandomStatusCardReward.json,CardRewardData
RandomUnitEveryFloor.json,CollectableRelicData
RapidRaise.json,CardData
RawPyreBlessingReward.json,RelicRewardData
RazorsharpEdge.json,CardData
RecruitEnemy.json,CardData
ReduceCapacity.json,CardUpgradeData
ReduceCost.json,CardUpgradeData
ReduceCostAndPurge.json,CardUpgradeData
ReduceCostOnFreeze.json,CardUpgradeData
ReduceRandomCardCostOnUnitPlay.json,CollectableRelicData
ReduceSpellCostOfCheaper.json,CollectableRelicData
RegenHP.json,CardUpgradeData
RegenPotion.json,CardData
Reinforce.json,CardData
RemnantChampBuffFriendly1.json,CardUpgradeData
RemnantChampBuffFriendly2.json,CardUpgradeData
RemnantChampBuffFriendly3.json,CardUpgradeData
RemnantChampIncreaseCost1.json,CardUpgradeData
RemnantChampIncreaseCost2.json,CardUpgradeData
RemnantChampIncreaseCost3.json,CardUpgradeData
RemnantChampion.json,CardData
RemnantChampionChatterData.json,CharacterChatterData
RemnantChampionChatterData_Exile.json,CharacterChatterData
RemnantFirstWaxer.json,ChampionData
RemnantFirstWaxerChampion.json,CardData
RemnantFlicker.json,ChampionData
RemnantHost.json,CharacterData
RemnantHostSynthesis.json,CardUpgradeData
RemnantPact #69471.json,CardData
RemnantPact.json,CardUpgradeData
RemnantTombChatterData.json,CharacterChatterData
RemnantWaxerChatterData_Female.json,CharacterChatterData
RemnantWaxerChatterData_Male.json,CharacterChatterData
RemnantWicklessChatterData.json,CharacterChatterData
RemoveConsume.json,CardUpgradeData
ReplayDeathReward.json,CardRewardData
ReplayRevengeReward.json,CardRewardData
ReplaySpawnReward.json,CardRewardData
ReplicateOnDeath.json,CardUpgradeData
ReplicateOnDeath_Upgrade.json,CardUpgradeData
ReplicateOnKill.json,CardUpgradeData
ReplicateOnKill_Upgrade.json,CardUpgradeData
ReplicatingExtinguishUnitReward.json,CardRewardData
ReplicatingHeal.json,CardPool
ReplicatingSpell.json,CardData
ReplicatingSpellPool.json,CardPool
ReplicatingSpellReward.json,CardRewardData
ReplicatingUnit.json,CardData
ReplicatingUnitPool.json,CardPool
RequiredStartingStoryEventPoolData.json,StoryEventPoolData
RerollMerchantRewardData.json,RewardData
RerollMerchantRewardDataArtifactOnly.json,RewardData
ResinRemoval.json,CardData
RestorationDetonation.json,CardData
RestorePyreOnConsume.json,CollectableRelicData
RestoringRetreat.json,CardData
Retch.json,CardData
ReturnedSoul.json,CardData
RevengeOfTheDamned.json,CardData
RewardNode.json,RewardNodeData
RewardNodeAfterBoss1.json,RewardNodeData
RewardNodeAfterBoss2.json,RewardNodeData
RewardNodeBlessingOnly.json,RewardNodeData
RewardNodeBlessingOnlyPact.json,RewardNodeData
RewardNodeBothPacksAfterNormalBattleFTUE.json,RewardNodeData
RewardNodeBothPacksAfterNormalBattleT1.json,RewardNodeData
RewardNodeBothPacksAfterNormalBattleT2.json,RewardNodeData
RewardNodeBothPacksAfterNormalBattleT3.json,RewardNodeData
RewardNodeChampionUpgrade.json,RewardNodeData
RewardNodeCoin.json,RewardNodeData
RewardNodeCoinDEPRECATED.json,RewardNodeData
RewardNodeCoinFirst.json,RewardNodeData
RewardNodeCoinLate.json,RewardNodeData
RewardNodeCoinPact.json,RewardNodeData
RewardNodeDuplicateCard.json,RewardNodeData
RewardNodeDuplicateCardAfterNormalBattle.json,RewardNodeData
RewardNodeHeal.json,RewardNodeData
RewardNodeLevelUpUnit.json,RewardNodeData
RewardNodePurgeOnly.json,RewardNodeData
RewardNodePurgeThree.json,RewardNodeData
RewardNodePurgeTwo.json,RewardNodeData
RewardNodeUnitPackAwoken.json,RewardNodeData
RewardNodeUnitPackClan.json,RewardNodeData
RewardNodeUnitPackHellhorned.json,RewardNodeData
RewardNodeUnitPackRemnant.json,RewardNodeData
RewardNodeUnitPackStygian.json,RewardNodeData
RewardNodeUnitPackSubClan.json,RewardNodeData
RewardNodeUnitPackUmbra.json,RewardNodeData
RewardNodeUnitPackWurm.json,RewardNodeData
RewardsPactNodes.json,RandomMapDataContainer
RewardsSimpleEarlyBlessingBanner.json,RandomMapDataContainer
RewardsSimpleFinal.json,RandomMapDataContainer
RewardsSimpleFirst.json,RandomMapDataContainer
RewardsSimpleLate.json,RandomMapDataContainer
RewardsSimpleT1EarlyBonus.json,RandomMapDataContainer
RewardsUnlockedReward.json,RewardData
RIP.json,CardData
RitualOfBattle.json,CardData
RNGMutatorsChallenge.json,ChallengeData
RoomHeroAscendDazed.json,CardData
RoomTargetAmbushReward.json,CardRewardData
RoomTargetPoisonReward.json,CardRewardData
RootBeforePyre.json,CollectableRelicData
RubbleMorselTrigger.json,CardUpgradeData
RubbleRaiser.json,CardData
RuneboundGuardian.json,CardData
RuneboundProtector.json,CardData
SacrificialRessurection #69472.json,CardData
SacrificialRessurection.json,CardUpgradeData
ScalingBlightEnergyAdd.json,CollectableRelicData
ScalingBlightEnergyAddReward.json,RelicRewardData
ScalingBlightMagicPower.json,CollectableRelicData
ScalingBlightMagicPowerBlessingReward.json,RelicRewardData
ScalingBuffTrain.json,CardData
ScalingHealTrain.json,CardData
ScorchBuffFriendly.json,CardUpgradeData
ScourgeT1.json,CardData
ScourgeT2.json,CardData
ScourgeT3.json,CardData
ScourgeUltimate.json,CardData
SeeDrawKeepCardsButBadChampChallenge.json,ChallengeData
SeeDrawOrder.json,MutatorData
SelfPurgeBlight.json,CardData
SelfPurgeEnergyGain.json,CardData
SentientDamageOnHeal.json,CardUpgradeData
SentientDamageOnHeal2.json,CardUpgradeData
SentientDamageOnHeal3.json,CardUpgradeData
SentientDrawOnRevenge.json,CardUpgradeData
SentientDrawOnRevenge2.json,CardUpgradeData
SentientDrawOnRevenge3.json,CardUpgradeData
SentientSpikes.json,CardUpgradeData
SentientSpikes2.json,CardUpgradeData
SentientSpikes3.json,CardUpgradeData
SeraphBossChatterData.json,CharacterChatterData
ShadowMorsel.json,CardData
ShadowMorselTrigger.json,CardUpgradeData
Shadowsiege #69880.json,CharacterData
Shadowsiege.json,CardData
ShadowsiegeSynthesis.json,CardUpgradeData
ShardChanneler #69881.json,CharacterData
ShardChanneler.json,CardData
ShardChannelerSynthesis.json,CardUpgradeData
ShardEvent_BlessingDraftReward_1.json,RelicDraftRewardData
ShardEvent_BlessingDraftReward_2.json,RelicDraftRewardData
ShardEvent_BlessingDraftReward_3.json,RelicDraftRewardData
ShardEvent_Heal.json,IntRewardData
Shards_HephArtifact.json,StoryEventData
Shards_HephEnding_START.json,StoryEventData
Shards_HephTrueEnding.json,StoryEventData
Shards_High.json,StoryEventData
Shards_High_START.json,StoryEventData
Shards_Low.json,StoryEventData
Shards_Low_START.json,StoryEventData
Shards_Mid.json,StoryEventData
Shards_Mid_START.json,StoryEventData
ShardsOnBossKill.json,MutatorData
ShardsoulCarver.json,CardData
ShardStrongEnemiesChallenge.json,ChallengeData
ShardtailAttackOnRally1.json,CardUpgradeData
ShardtailAttackOnRally2.json,CardUpgradeData
ShardtailAttackOnRally3.json,CardUpgradeData
ShardtailGainImps.json,CardUpgradeData
ShardtailGainImps2.json,CardUpgradeData
ShardtailGainImps3.json,CardUpgradeData
ShardtailRallyBuff.json,CardUpgradeData
ShardtailRallyBuff2.json,CardUpgradeData
ShardtailRallyBuff3.json,CardUpgradeData
ShardtailSacrificeImps.json,CardUpgradeData
ShardtailSacrificeImps2.json,CardUpgradeData
ShardtailSacrificeImps3.json,CardUpgradeData
Sharpen #69340.json,CardData
Sharpen.json,CardUpgradeData
ShatteredShell #69882.json,CharacterData
ShatteredShell.json,CardData
ShatteredShellSynthesis.json,CardUpgradeData
ShatteredShellSynthesisTrigger.json,CardUpgradeData
ShatteredShellTrigger.json,CardUpgradeData
Shelter.json,CardData
ShieldGuardT1.json,CharacterData
ShieldGuardT1_Shard.json,CharacterData
ShieldGuardT2.json,CharacterData
ShieldGuardT2_Shard.json,CharacterData
ShieldGuardT3.json,CharacterData
ShieldGuardT3_Shard.json,CharacterData
ShieldsUpRelic.json,CollectableRelicData
ShieldsUpRelicReward.json,RelicRewardData
ShrinkRay.json,StoryEventData
ShrinkRay_UpgradeLarge.json,RelicRewardData
ShrinkRay_UpgradeSmall.json,RelicRewardData
ShrinkRayCrystal.json,StoryCharaceterData
ShroudSpike.json,CardData
ShuffleUnits.json,MutatorData
SingleKillCardReward.json,CardRewardData
SingleTarget_SpellMerge.json,CardUpgradeMaskData
SirenSeaSynthesisTrigger.json,CardUpgradeData
SirenSeaTrigger.json,CardUpgradeData
SirenSong.json,CardData
Small_ShrinkRayEvent.json,CardUpgradeData
SmallMonsters.json,MutatorData
SolgardRevengeDamagePerBlessing.json,CardUpgradeData
SolgardRevengeDamagePerBlessing2.json,CardUpgradeData
SolgardRevengeDamagePerBlessing3.json,CardUpgradeData
SolgardStasisGoodStats.json,CardUpgradeData
SolgardStasisGoodStats2.json,CardUpgradeData
SolgardStasisGoodStats3.json,CardUpgradeData
SolgardStrikeFrostbitePerBlessing.json,CardUpgradeData
SolgardStrikeFrostbitePerBlessing2.json,CardUpgradeData
SolgardStrikeFrostbitePerBlessing3.json,CardUpgradeData
SoulCripple.json,CardData
SoulcrushingGuilt.json,CardData
SoulSiphon.json,CardData
SoulSiphonOnlyPool.json,CardPool
SpacePrism.json,CardData
SpawnRandomMorsels.json,CollectableRelicData
SpawnWithArmor.json,CollectableRelicData
SpawnWithArmor_Divine.json,CollectableRelicData
SpawnWithRage.json,CollectableRelicData
SpawnWithRage_Divine.json,CollectableRelicData
SpellDuplicator.json,EnhancerData
SpellMagicPower.json,EnhancerData
SpellMagicPowerBigExtraCost.json,EnhancerData
SpellMagicPowerHuge.json,EnhancerData
SpellMerge.json,StoryEventData
SpellMerge_CardDuplicator.json,EnhancerData
SpellMerge_DuplicateReward.json,RelicRewardData
SpellMergeIgnore.json,CardPool
SpellMergeReward.json,SpellMergeRewardData
SpellReduceCostPurge.json,EnhancerData
SpellUpgradeCreateCopyWithPurge.json,EnhancerData
SpellUpgradeLowCost.json,EnhancerData
SpellUpgradeMerchant.json,MerchantData
SpellUpgradeMerchantLateDEPRECATED.json,MerchantData
SpellUpgradePool.json,RelicPool
SpellUpgradePoolCommon.json,RelicPool
SpellUpgradePoolCostReduction.json,RelicPool
SpellUpgradePoolDarkPactCommon.json,RelicPool
SpellUpgradePoolDarkPactUncommon.json,RelicPool
SpellUpgradeReduceCost.json,EnhancerData
SpellUpgradeTraitAddCorrupt.json,EnhancerData
SpellUpgradeTraitAddIntrinsic.json,EnhancerData
SpellUpgradeTraitAddJuice.json,EnhancerData
SpellUpgradeTraitAddPermafrost.json,EnhancerData
SpellUpgradeTraitAddPiercing.json,EnhancerData
SpellUpgradeTraitAddRetain.json,EnhancerData
SpellUpgradeTraitRemoveConsume.json,EnhancerData
SpellWeaknessBelowPyre.json,CollectableRelicData
SpikedriverChatterData.json,CharacterChatterData
SpikeOfTheHellhorned.json,CardData
SpikeOfTheStygian.json,CardData
SpikePotion.json,CardData
Spikes.json,CardUpgradeData
SpikeScalingCardReward.json,CardRewardData
SpikeScalingCardReward_Armor.json,CardRewardData
SpikeScalingCardReward_Double.json,CardRewardData
SplitterBoostReward_Spell.json,RelicRewardData
SplitterBoostReward_Unit.json,RelicRewardData
SplitterUnit.json,CardData
SpreadingSpores.json,CardData
StarterBuff.json,CardData
StarterCalcifiedEmber.json,MutatorData
StarterDamageForMorsel.json,CardData
StarterDreg.json,CardData
StarterEchoBreak.json,CardData
StarterFracture.json,CardData
StarterFrostbiteDiscard.json,CardData
StarterHeal.json,CardData
StarterIceSpear.json,CardData
StarterImp.json,CardData
StarterLodestones.json,MutatorData
StarterRandomFood.json,CardData
StarterReform.json,CardData
StarterTorch.json,CardData
StarterWurmRelic.json,CollectableRelicData
StartingStoryEventPoolData.json,StoryEventPoolData
StatOnEatTrigger1.json,CardUpgradeData
StatOnEatTrigger2.json,CardUpgradeData
StatOnEatTrigger3.json,CardUpgradeData
StatueChatterData.json,CharacterChatterData
StealthWaxers.json,CollectableRelicData
SteelEnhancer.json,CardData
Steelsinger.json,CardData
Steelworker #69883.json,CharacterData
Steelworker.json,CardData
SteelworkerSynthesis.json,CardUpgradeData
SteroidsPrototype.json,StoryEventData
StewardBuff.json,CollectableRelicData
StewardBuff_Divine.json,CollectableRelicData
StewardsChallenge.json,ChallengeData
Sting.json,CardData
StingBuffPiercing #70109.json,CollectableRelicData
StingBuffPiercing.json,CardUpgradeData
StingBuffPower #70110.json,CollectableRelicData
StingBuffPower.json,CardUpgradeData
StingOnlyPool.json,CardPool
StoryCharactersData.json,StoryCharaceterData
StoryEventPoolData.json,StoryEventPoolData
StrongerSpikes.json,CollectableRelicData
StygianChampionChatterData.json,CharacterChatterData
StygianChampionChatterData_Exile.json,CharacterChatterData
StygianChampionMartyr.json,CardData
StygianChampionTethys.json,CardData
StygianMartyr.json,ChampionData
StygianSirenChatterData_Female.json,CharacterChatterData
StygianSirenChatterData_Male.json,CharacterChatterData
StygianTethys.json,ChampionData
SubClassCommon1X.json,CardPull
SubClassCommon2X.json,CardPull
SubClassCopies1X.json,CardSetBuilder
SubClassRare1X.json,CardPull
SubClassSingleCardRareReward.json,CardPoolRewardData
SubClassStarter1X.json,CardPull
SubClassStarter3X.json,CardPull
SubClassStarter5X.json,CardPull
SubClassUncommon1X.json,CardPull
SubsumingBlade.json,CardData
SuperchargedPyreChallenge.json,ChallengeData
SymphonyOfTheSoul.json,CardData
T1BossChatterData.json,CharacterChatterData
T1EnemiesChatterData_Female.json,CharacterChatterData
T1EnemiesChatterData_Male.json,CharacterChatterData
T1GoldForEnemyArmor.json,TrailData
T1GoldForEnemyExtraAttack.json,TrailData
T1GoldForEnemyExtraHealth.json,TrailData
T1GoldForInvasion.json,TrailData
T1GoldForLessEmber.json,TrailData
T1GoldForSpellShield.json,TrailData
T1GoldForStealth.json,TrailData
T1JunkerBossChatterData.json,CharacterChatterData
T1Trials.json,TrialDataList
T2ArtifactForEnemyMultistrike.json,TrailData
T2ArtifactForHealOnAscend.json,TrailData
T2ArtifactForSpikes.json,TrailData
T2BossChatterData.json,CharacterChatterData
T2EnemiesChatterData_Female.json,CharacterChatterData
T2EnemiesChatterData_Male.json,CharacterChatterData
T2GoldForEnemyArmor.json,TrailData
T2GoldForEnemyExtraAttack.json,TrailData
T2GoldForEnemyExtraHealth.json,TrailData
T2GoldForInvasion.json,TrailData
T2GoldForLessEmber.json,TrailData
T2GoldForSpellShield.json,TrailData
T2MageBossChatterData.json,CharacterChatterData
T2ShieldBossChatterData.json,CharacterChatterData
T2Trials.json,TrialDataList
T3BossChatterData.json,CharacterChatterData
T3BossChatterData_Exile.json,CharacterChatterData
T3EnemiesChatterData_Male.json,CharacterChatterData
T3GoldForEnemyArmor.json,TrailData
T3GoldForEnemyExtraAttack.json,TrailData
T3GoldForEnemyExtraHealth.json,TrailData
T3GoldForHealOnAscend.json,TrailData
T3GoldForInvasion.json,TrailData
T3GoldForLessEmber.json,TrailData
T3GoldForSpellShield.json,TrailData
T3GoldForSpikes.json,TrailData
T3GoldForStealth.json,TrailData
T3Trials.json,TrialDataList
T4BossChatterData.json,CharacterChatterData
T4GrowthBossChatterData.json,CharacterChatterData
T4JunkerBossChatterData.json,CharacterChatterData
T5BossChatterData.json,CharacterChatterData
T5CasterBossChatterData.json,CharacterChatterData
T5StealthBossChatterData.json,CharacterChatterData
T6BossChatterData.json,CharacterChatterData
T6BossChatterData_Exile.json,CharacterChatterData
T7BossChatterData.json,CharacterChatterData
T7ShieldBossChatterData.json,CharacterChatterData
Targetless_SpellMerge.json,CardUpgradeMaskData
TestCardReward.json,CardRewardData
TestPool.json,StoryEventPoolData
TestRelicReward.json,RelicRewardData
TethysFrostbiteOnStrike.json,CardUpgradeData
TethysFrostbiteOnStrike2.json,CardUpgradeData
TethysFrostbiteOnStrike3.json,CardUpgradeData
TethysReduceSpellCost.json,CardUpgradeData
TethysReduceSpellCost2.json,CardUpgradeData
TethysReduceSpellCost3.json,CardUpgradeData
TethysSpellWeaknessOnStrike.json,CardUpgradeData
TethysSpellWeaknessOnStrike2.json,CardUpgradeData
TethysSpellWeaknessOnStrike3.json,CardUpgradeData
ThornedHollow.json,CardData
TiresomeClimb.json,CardData
TitansGratitude.json,CardData
Titanstooth.json,CardData
TotalRecall.json,CardData
TowerDamageCardReward.json,CardRewardData
TrainDamageBlessingReward.json,RelicRewardData
TrainHealCardReward.json,CardRewardData
TrainHookCardReward.json,CardRewardData
TrainPathsPredetermined.json,MutatorData
TrainSteward #69884.json,CharacterData
TrainSteward.json,CardData
TrainSteward2.json,CardPool
TrainSteward4X.json,CardPull
TrainStewardChatterData.json,CharacterChatterData
TrainStewardImprovement.json,MutatorData
TrainStewardOnly.json,CardPool
TrainStewardSynthesis.json,CardUpgradeData
TrainTrapdoorCardReward.json,CardRewardData
TrainUpgrade.json,StoryEventData
TraitCorrupt.json,CardUpgradeData
TraitInherentSpell.json,CardUpgradeData
TraitInherentUnit.json,CardUpgradeData
TraitJuice.json,CardUpgradeData
TraitPermafrost.json,CardUpgradeData
TraitPiercing.json,CardUpgradeData
TraitRetain.json,CardUpgradeData
Transcendimp #69885.json,CharacterData
TranscendImp.json,CardData
TranscendimpSynthesis.json,CardUpgradeData
TrapA.json,CharacterData
TrapB.json,CharacterData
TrapC.json,CharacterData
TreasureBagLvl1Gold.json,CharacterData
TreasureBagLvl2Gold.json,CharacterData
TreasureBagLvl3Gold.json,CharacterData
TreasureCherubChatterData.json,CharacterChatterData
TrueChampionDanteChallenge.json,ChallengeData
TruerChampionHephChallenge.json,ChallengeData
TwinShards.json,CardData
TwoCardsForOne.json,MutatorData
U3AttackIncreaseChamp.json,CollectableRelicData
U3AttackIncreaseChamp_Divine.json,CollectableRelicData
U3AttackIncreaseMonsters.json,CollectableRelicData
U3AttackIncreaseMonsters_Divine.json,CollectableRelicData
U3CheaperBlightScourge.json,CollectableRelicData
U3DrawToMaxStartOfCombat.json,CollectableRelicData
U3FirstWaveDazed.json,CollectableRelicData
U3GoldBlockPyreHP.json,CollectableRelicData
U3GoldPyreHealthSetTo40.json,CollectableRelicData
U3HealthIncreaseChamp.json,CollectableRelicData
U3HealthIncreaseChamp_Divine.json,CollectableRelicData
U3SappedAttack.json,CollectableRelicData
U3ShowDrawOrder.json,CollectableRelicData
U3UpgradedDrafts.json,CollectableRelicData
UmbraChampionChatterData.json,CharacterChatterData
UmbraChampionChatterData_Exile.json,CharacterChatterData
UmbraMorselChatterData.json,CharacterChatterData
UmbraMorselManChatterData.json,CharacterChatterData
UmbraPenumbra.json,ChampionData
UmbraPrimodium.json,ChampionData
UmbraShroudChatterData.json,CharacterChatterData
UmbraStone.json,CardData
UnearthedRemains.json,CardData
UnitBannersInLimbo.json,MutatorData
UnitCostLowerEmber.json,CardUpgradeData
UnitDuplicator.json,EnhancerData
UnitQuest.json,StoryEventData
UnitQuest_SpellFollowup.json,StoryEventData
UnitQuest_UnitFollowup.json,StoryEventData
UnitsAllBanner.json,CardPool
UnitsAwokenBanner.json,CardPool
UnitsGainLifesteal.json,CollectableRelicData
UnitsHellhornedBanner.json,CardPool
UnitsRemnantBanner.json,CardPool
UnitsStygianBanner.json,CardPool
UnitsUmbraBanner.json,CardPool
UnitsWurmBanner.json,CardPool
UnitSynthesisUpgradeReward.json,UnitSynthesisUpgradeReward
UnitUpgradeAddEndlessRemnant.json,EnhancerData
UnitUpgradeBiggerUmbra.json,EnhancerData
UnitUpgradeClanAwokenAddSpikes.json,EnhancerData
UnitUpgradeClanHellhornedAddRage.json,EnhancerData
UnitUpgradeClanRemnantAddBurnout.json,EnhancerData
UnitUpgradeClanStygianIncantArmor.json,EnhancerData
UnitUpgradeClanUmbraDamageShield.json,EnhancerData
UnitUpgradeClanWurmBuffCorruptcost.json,EnhancerData
UnitUpgradeInherentTraitAdd.json,EnhancerData
UnitUpgradeLowerCost.json,EnhancerData
UnitUpgradeMerchant.json,MerchantData
UnitUpgradeMerchantLateDEPRECATED.json,MerchantData
UnitUpgradeMultistrikeHellhorned.json,EnhancerData
UnitUpgradePool.json,RelicPool
UnitUpgradePoolCommon.json,RelicPool
UnitUpgradeQuickAwoken.json,EnhancerData
UnitUpgradeSmaller.json,EnhancerData
UnitUpgradeStatsAttack.json,EnhancerData
UnitUpgradeStatsBoth.json,EnhancerData
UnitUpgradeStatsHealth.json,EnhancerData
UnitUpgradeTrampleUmbra.json,EnhancerData
UnleashTheWildwood.json,CardData
UnleashTheWildwoodOnlyPool.json,CardPool
UnnamedTome.json,CardData
UnplayableUnpurgeable.json,CardData
UnremovableCorruptionTop.json,CollectableRelicData
UnstableInfery.json,CardData
UpgradeAnimusAttack.json,RelicRewardData
UpgradeBuffMagic.json,RelicRewardData
UpgradeBuffMassiveExhaust.json,RelicRewardData
UpgradeCostLessReward.json,RelicRewardData
UpgradedDrafts.json,MutatorData
UpgradedJunkReward.json,RelicRewardData
UpgradedPyre.json,MutatorData
UpgradeGolemHealth.json,RelicRewardData
UpgradeLarge_ShrinkRayEvent.json,EnhancerData
UpgradeMagicPowerExhaust.json,EnhancerData
UpgradeMajorBuffExhaust.json,EnhancerData
UpgradeMaxHpFrontUnit.json,CollectableRelicData
UpgradeMaxHpFrontUnit_Divine.json,CollectableRelicData
UpgradeMaxHpFrontUnitUpgrade.json,CardUpgradeData
UpgradeMaxHpFrontUnitUpgrade_Divine.json,CardUpgradeData
UpgradeRegenReward.json,RelicRewardData
UpgradeReplicatorsAnnhilate.json,EnhancerData
UpgradeReplicatorSpellAnnhilate.json,EnhancerData
UpgradeSmall_ShrinkRayEvent.json,EnhancerData
UpgradeSmallReward.json,RelicRewardData
UpgradeSpikesReward.json,RelicRewardData
UpgradeSummonDrawReward.json,RelicRewardData
UpgradeTreeFlicker.json,CardUpgradeTreeData
UpgradeTreeHornbreaker.json,CardUpgradeTreeData
UpgradeTreeLittleFade.json,CardUpgradeTreeData
UpgradeTreeMartyr.json,CardUpgradeTreeData
UpgradeTreeSentient.json,CardUpgradeTreeData
UpgradeTreeShardtail.json,CardUpgradeTreeData
UpgradeTreeTethys.json,CardUpgradeTreeData
UpgradeTreeUmbraPenumbra.json,CardUpgradeTreeData
UpgradeTreeUmbraPrimordium.json,CardUpgradeTreeData
UpgradeTreeWurm1.json,CardUpgradeTreeData
UpgradeTreeWurm2.json,CardUpgradeTreeData
UpgradeTreeWyldenten.json,CardUpgradeTreeData
UpgradeUnitHealth.json,RelicRewardData
VengefulShardOnlyPool.json,CardPool
Vent.json,CardData
VineGrasp.json,CardData
VineGraspOnlyPool.json,CardPool
Vinemother #69886.json,CharacterData
Vinemother.json,CardData
VinemotherSynthesis.json,CardUpgradeData
VoidBinding.json,CardData
VoidExcavator.json,CardData
Votivary #69887.json,CharacterData
Votivary.json,CardData
VotivarySynthesis.json,CardUpgradeData
WandWoundsRelic.json,CollectableRelicData
WandWoundsRelicReward.json,RelicRewardData
WaxenSpike.json,CardData
WelderHelper #69888.json,CharacterData
WelderHelper.json,CardData
WelderHelperOnlyPool.json,CardPool
WelderHelperSynthesis.json,CardUpgradeData
WickedBlaze.json,CardData
WickedBulwark.json,CardUpgradeData
WickExtension.json,CardData
Wicklash #69454.json,CardData
Wicklash.json,CardUpgradeData
WicklessBaron #69889.json,CharacterData
WicklessBaron.json,CardData
WicklessBaronSynthesis.json,CardUpgradeData
WicklessBaronSynthesisTrigger.json,CardUpgradeData
WicklessBaronTrigger.json,CardUpgradeData
WicklessRecruitment.json,CardData
WicklessTycoon #69890.json,CharacterData
WicklessTycoon.json,CardData
WicklessTycoonSynthesis.json,CardUpgradeData
WildwoodCustodian #69891.json,CharacterData
WildwoodCustodian.json,CardData
WildwoodCustodianSynthesis.json,CardUpgradeData
WildwoodTome.json,CardData
WiltingSapwood #69892.json,CharacterData
WiltingSapwood.json,CardData
WiltingSapwoodSynthesis.json,CardUpgradeData
Wurm1.json,ChampionData
Wurm1DamagePerCorruption.json,CardUpgradeData
Wurm1DamagePerCorruption2.json,CardUpgradeData
Wurm1DamagePerCorruption3.json,CardUpgradeData
Wurm1ShardbiteOnCorruption.json,CardUpgradeData
Wurm1ShardbiteOnCorruption2.json,CardUpgradeData
Wurm1ShardbiteOnCorruption3.json,CardUpgradeData
Wurm1StrikeAddCorruption.json,CardUpgradeData
Wurm1StrikeAddCorruption2.json,CardUpgradeData
Wurm1StrikeAddCorruption3.json,CardUpgradeData
Wurm2.json,ChampionData
Wurm2ArmorOnResolve.json,CardUpgradeData
Wurm2ArmorOnResolve2.json,CardUpgradeData
Wurm2ArmorOnResolve3.json,CardUpgradeData
Wurm2ReturnConsumedSlay.json,CardUpgradeData
Wurm2ReturnConsumedSlay2.json,CardUpgradeData
Wurm2ReturnConsumedSlay3.json,CardUpgradeData
Wurm2SummonedUnit20HP.json,CardUpgradeData
Wurm2SummonedUnit40HP.json,CardUpgradeData
Wurm2SummonedUnit60HP.json,CardUpgradeData
Wurm2Summoner.json,CardUpgradeData
Wurm2Summoner2.json,CardUpgradeData
Wurm2Summoner3.json,CardUpgradeData
WurmBannerScalePerCorrupt.json,CardUpgradeData
WurmChamp1.json,CardData
WurmChamp2.json,CardData
WurmCorruptTrigger.json,CardUpgradeData
WurmEchoesOfThePastAttack.json,CardUpgradeData
WurmEchoInfusionHealth.json,CardUpgradeData
WurmEchoTransferAttack.json,CardUpgradeData
WurmEnhanceConsume.json,CardUpgradeData
WurmEnhanceCorrupt.json,CardUpgradeData
WurmkinChiefChatterData.json,CharacterChatterData
WurmkinEchowrightChatterData.json,CharacterChatterData
WurmkinEtchings.json,CardData
WurmkinFenChatterData.json,CharacterChatterData
WurmkinSpike.json,CardData
WurmReturnEnhanceCorrupt.json,CardUpgradeData
WurmTransfuserSynthesisTrigger.json,CardUpgradeData
WurmTransfuserTrigger.json,CardUpgradeData
WurmTrigger.json,CardUpgradeData
WyldentenBuffOnIncant1.json,CardUpgradeData
WyldentenBuffOnIncant2.json,CardUpgradeData
WyldentenBuffOnIncant3.json,CardUpgradeData
WyldentenQuickAndDamage.json,CardUpgradeData
WyldentenQuickAndDamage2.json,CardUpgradeData
WyldentenQuickAndDamage3.json,CardUpgradeData
WyldentenRootOnStrike.json,CardUpgradeData
WyldentenRootOnStrike2.json,CardUpgradeData
WyldentenRootOnStrike3.json,CardUpgradeData
WyldentenSlayForSting.json,CardUpgradeData
WyldentenSlayForSting2.json,CardUpgradeData
WyldentenSlayForSting3.json,CardUpgradeData
XCostBurnoutEnhance.json,CardUpgradeData
XCostGoldCardReward.json,CardRewardData
ZeroCostAnnhilate.json,CardUpgradeData
ZeroCostAnnihilate.json,EnhancerData
ZeroCostConsume.json,CardUpgradeData
ZeroCostEvent.json,CardUpgradeData
